<?xml version='1.0' encoding='utf8'?>
<annotation>
	<folder>zebra - 3</folder>
	<filename>IMG_20181127_151047.jpg</filename>
	<path>E:\迅雷下载\zebra - 3\zebra - 3\IMG_20181127_151047.jpg</path>
	<source>
		<database>Unknown</database>
	</source>
	<size>
		<width>3456</width>
		<height>4608</height>
		<depth>3</depth>
	</size>
	<segmented>0</segmented>
	<object>
		<name>stairs</name>
		<pose>Unspecified</pose>
		<truncated>1</truncated>
		<difficult>0</difficult>
		<bndbox>
			<xmin>13</xmin>
			<ymin>734</ymin>
			<xmax>3456</xmax>
			<ymax>2572</ymax>
		</bndbox>
	</object>
	<object>
		<name>car</name>
		<difficult>0.694227397441864</difficult>
		<bndbox>
			<xmin>225</xmin>
			<ymin>2049</ymin>
			<xmax>557</xmax>
			<ymax>353</ymax>
		</bndbox>
	</object>
	<object>
		<name>car</name>
		<difficult>0.6679546236991882</difficult>
		<bndbox>
			<xmin>925</xmin>
			<ymin>2050</ymin>
			<xmax>585</xmax>
			<ymax>269</ymax>
		</bndbox>
	</object>
	<object>
		<name>car</name>
		<difficult>0.6071646213531494</difficult>
		<bndbox>
			<xmin>2160</xmin>
			<ymin>1992</ymin>
			<xmax>373</xmax>
			<ymax>216</ymax>
		</bndbox>
	</object>
</annotation>