<?xml version='1.0' encoding='utf8'?>
<annotation>
	<folder>zebra - 2</folder>
	<filename>IMG_20181127_144117.jpg</filename>
	<path>F:\work\dian\打标\doing\zebra - 2\IMG_20181127_144117.jpg</path>
	<source>
		<database>Unknown</database>
	</source>
	<size>
		<width>3456</width>
		<height>4608</height>
		<depth>3</depth>
	</size>
	<segmented>0</segmented>
	<object>
		<name>zebra</name>
		<pose>Unspecified</pose>
		<truncated>0</truncated>
		<difficult>0</difficult>
		<bndbox>
			<xmin>30</xmin>
			<ymin>826</ymin>
			<xmax>3436</xmax>
			<ymax>1609</ymax>
		</bndbox>
	</object>
	<object>
		<name>person</name>
		<difficult>0.8820310235023499</difficult>
		<bndbox>
			<xmin>287</xmin>
			<ymin>99</ymin>
			<xmax>86</xmax>
			<ymax>182</ymax>
		</bndbox>
	</object>
	<object>
		<name>person</name>
		<difficult>0.6820932626724243</difficult>
		<bndbox>
			<xmin>226</xmin>
			<ymin>107</ymin>
			<xmax>54</xmax>
			<ymax>141</ymax>
		</bndbox>
	</object>
</annotation>