<?xml version='1.0' encoding='utf8'?>
<annotation>
	<folder>zebra - 3</folder>
	<filename>IMG_20181127_150748.jpg</filename>
	<path>E:\迅雷下载\zebra - 3\zebra - 3\IMG_20181127_150748.jpg</path>
	<source>
		<database>Unknown</database>
	</source>
	<size>
		<width>3456</width>
		<height>4608</height>
		<depth>3</depth>
	</size>
	<segmented>0</segmented>
	<object>
		<name>stairs</name>
		<pose>Unspecified</pose>
		<truncated>0</truncated>
		<difficult>0</difficult>
		<bndbox>
			<xmin>8</xmin>
			<ymin>744</ymin>
			<xmax>848</xmax>
			<ymax>1169</ymax>
		</bndbox>
	</object>
	<object>
		<name>stairs</name>
		<pose>Unspecified</pose>
		<truncated>1</truncated>
		<difficult>0</difficult>
		<bndbox>
			<xmin>758</xmin>
			<ymin>1079</ymin>
			<xmax>3456</xmax>
			<ymax>2890</ymax>
		</bndbox>
	</object>
	<object>
		<name>car</name>
		<difficult>0.6959131360054016</difficult>
		<bndbox>
			<xmin>355</xmin>
			<ymin>338</ymin>
			<xmax>270</xmax>
			<ymax>98</ymax>
		</bndbox>
	</object>
</annotation>