<?xml version='1.0' encoding='utf8'?>
<annotation>
	<folder>lj</folder>
	<filename>d5952fd2059a5091b71d23cde87f8ab2.jpg</filename>
	<path>E:\Download\windows_v1.8.1\lj\d5952fd2059a5091b71d23cde87f8ab2.jpg</path>
	<source>
		<database>Unknown</database>
	</source>
	<size>
		<width>600</width>
		<height>420</height>
		<depth>3</depth>
	</size>
	<segmented>0</segmented>
	<object>
		<name>zebra</name>
		<pose>Unspecified</pose>
		<truncated>0</truncated>
		<difficult>0</difficult>
		<bndbox>
			<xmin>25</xmin>
			<ymin>324</ymin>
			<xmax>530</xmax>
			<ymax>414</ymax>
		</bndbox>
	</object>
	<object>
		<name>zebra</name>
		<pose>Unspecified</pose>
		<truncated>0</truncated>
		<difficult>0</difficult>
		<bndbox>
			<xmin>84</xmin>
			<ymin>256</ymin>
			<xmax>318</xmax>
			<ymax>301</ymax>
		</bndbox>
	</object>
</annotation>