<?xml version='1.0' encoding='utf8'?>
<annotation>
	<folder>zebra - 7</folder>
	<filename>VID_20181205_072644005.jpg</filename>
	<path>E:\迅雷下载\zebra - 7\zebra - 7\VID_20181205_072644005.jpg</path>
	<source>
		<database>Unknown</database>
	</source>
	<size>
		<width>1920</width>
		<height>1080</height>
		<depth>3</depth>
	</size>
	<segmented>0</segmented>
	<object>
		<name>traffic light</name>
		<pose>Unspecified</pose>
		<truncated>0</truncated>
		<difficult>0</difficult>
		<bndbox>
			<xmin>837</xmin>
			<ymin>334</ymin>
			<xmax>883</xmax>
			<ymax>427</ymax>
		</bndbox>
	</object>
	<object>
		<name>zebra</name>
		<pose>Unspecified</pose>
		<truncated>0</truncated>
		<difficult>0</difficult>
		<bndbox>
			<xmin>632</xmin>
			<ymin>637</ymin>
			<xmax>880</xmax>
			<ymax>694</ymax>
		</bndbox>
	</object>
	<object>
		<name>person</name>
		<difficult>0.7379979491233826</difficult>
		<bndbox>
			<xmin>376</xmin>
			<ymin>249</ymin>
			<xmax>49</xmax>
			<ymax>141</ymax>
		</bndbox>
	</object>
	<object>
		<name>person</name>
		<difficult>0.7207061648368835</difficult>
		<bndbox>
			<xmin>197</xmin>
			<ymin>267</ymin>
			<xmax>52</xmax>
			<ymax>163</ymax>
		</bndbox>
	</object>
	<object>
		<name>person</name>
		<difficult>0.7187024354934692</difficult>
		<bndbox>
			<xmin>580</xmin>
			<ymin>247</ymin>
			<xmax>42</xmax>
			<ymax>145</ymax>
		</bndbox>
	</object>
	<object>
		<name>person</name>
		<difficult>0.683842658996582</difficult>
		<bndbox>
			<xmin>130</xmin>
			<ymin>273</ymin>
			<xmax>83</xmax>
			<ymax>189</ymax>
		</bndbox>
	</object>
	<object>
		<name>person</name>
		<difficult>0.6498996019363403</difficult>
		<bndbox>
			<xmin>480</xmin>
			<ymin>243</ymin>
			<xmax>50</xmax>
			<ymax>138</ymax>
		</bndbox>
	</object>
	<object>
		<name>person</name>
		<difficult>0.6239403486251831</difficult>
		<bndbox>
			<xmin>521</xmin>
			<ymin>238</ymin>
			<xmax>37</xmax>
			<ymax>126</ymax>
		</bndbox>
	</object>
	<object>
		<name>person</name>
		<difficult>0.5887903571128845</difficult>
		<bndbox>
			<xmin>266</xmin>
			<ymin>272</ymin>
			<xmax>78</xmax>
			<ymax>177</ymax>
		</bndbox>
	</object>
	<object>
		<name>person</name>
		<difficult>0.5457828640937805</difficult>
		<bndbox>
			<xmin>346</xmin>
			<ymin>243</ymin>
			<xmax>48</xmax>
			<ymax>143</ymax>
		</bndbox>
	</object>
	<object>
		<name>car</name>
		<difficult>0.5336140990257263</difficult>
		<bndbox>
			<xmin>127</xmin>
			<ymin>200</ymin>
			<xmax>198</xmax>
			<ymax>74</ymax>
		</bndbox>
	</object>
</annotation>