<?xml version='1.0' encoding='utf8'?>
<annotation>
	<folder>zebra - 4</folder>
	<filename>traffic_light_501.jpg</filename>
	<path>E:\Download\windows_v1.8.1\zebra - 4\traffic_light_501.jpg</path>
	<source>
		<database>Unknown</database>
	</source>
	<size>
		<width>1920</width>
		<height>1080</height>
		<depth>3</depth>
	</size>
	<segmented>0</segmented>
	<object>
		<name>zebra</name>
		<pose>Unspecified</pose>
		<truncated>0</truncated>
		<difficult>0</difficult>
		<bndbox>
			<xmin>846</xmin>
			<ymin>689</ymin>
			<xmax>1523</xmax>
			<ymax>776</ymax>
		</bndbox>
	</object>
	<object>
		<name>zebra</name>
		<pose>Unspecified</pose>
		<truncated>0</truncated>
		<difficult>0</difficult>
		<bndbox>
			<xmin>117</xmin>
			<ymin>797</ymin>
			<xmax>1856</xmax>
			<ymax>1064</ymax>
		</bndbox>
	</object>
	<object>
		<name>zebra</name>
		<pose>Unspecified</pose>
		<truncated>0</truncated>
		<difficult>0</difficult>
		<bndbox>
			<xmin>9</xmin>
			<ymin>685</ymin>
			<xmax>535</xmax>
			<ymax>775</ymax>
		</bndbox>
	</object>
	<object>
		<name>person</name>
		<difficult>0.7090630531311035</difficult>
		<bndbox>
			<xmin>869</xmin>
			<ymin>342</ymin>
			<xmax>330</xmax>
			<ymax>692</ymax>
		</bndbox>
	</object>
</annotation>