<?xml version='1.0' encoding='utf8'?>
<annotation>
	<folder>zebra - 7</folder>
	<filename>VID_20181207_191027029.jpg</filename>
	<path>E:\迅雷下载\zebra - 7\zebra - 7\VID_20181207_191027029.jpg</path>
	<source>
		<database>Unknown</database>
	</source>
	<size>
		<width>1920</width>
		<height>1080</height>
		<depth>3</depth>
	</size>
	<segmented>0</segmented>
	<object>
		<name>zebra</name>
		<pose>Unspecified</pose>
		<truncated>1</truncated>
		<difficult>0</difficult>
		<bndbox>
			<xmin>145</xmin>
			<ymin>568</ymin>
			<xmax>1920</xmax>
			<ymax>1077</ymax>
		</bndbox>
	</object>
	<object>
		<name>person</name>
		<difficult>0.7297812104225159</difficult>
		<bndbox>
			<xmin>195</xmin>
			<ymin>161</ymin>
			<xmax>65</xmax>
			<ymax>184</ymax>
		</bndbox>
	</object>
	<object>
		<name>person</name>
		<difficult>0.7015997767448425</difficult>
		<bndbox>
			<xmin>389</xmin>
			<ymin>146</ymin>
			<xmax>22</xmax>
			<ymax>117</ymax>
		</bndbox>
	</object>
	<object>
		<name>person</name>
		<difficult>0.6684805154800415</difficult>
		<bndbox>
			<xmin>287</xmin>
			<ymin>155</ymin>
			<xmax>55</xmax>
			<ymax>140</ymax>
		</bndbox>
	</object>
	<object>
		<name>person</name>
		<difficult>0.5545306205749512</difficult>
		<bndbox>
			<xmin>85</xmin>
			<ymin>126</ymin>
			<xmax>38</xmax>
			<ymax>91</ymax>
		</bndbox>
	</object>
</annotation>