<?xml version='1.0' encoding='utf8'?>
<annotation>
	<folder>zebra - 1</folder>
	<filename>72_斑马线 (2).jpg</filename>
	<path>F:\work\dian\打标\doing\zebra - 1\72_斑马线 (2).jpg</path>
	<source>
		<database>Unknown</database>
	</source>
	<size>
		<width>1200</width>
		<height>801</height>
		<depth>3</depth>
	</size>
	<segmented>0</segmented>
	<object>
		<name>zebra</name>
		<pose>Unspecified</pose>
		<truncated>0</truncated>
		<difficult>0</difficult>
		<bndbox>
			<xmin>3</xmin>
			<ymin>91</ymin>
			<xmax>1197</xmax>
			<ymax>795</ymax>
		</bndbox>
	</object>
	<object>
		<name>bus</name>
		<difficult>0.9087352752685547</difficult>
		<bndbox>
			<xmin>1722</xmin>
			<ymin>524</ymin>
			<xmax>1216</xmax>
			<ymax>755</ymax>
		</bndbox>
	</object>
	<object>
		<name>person</name>
		<difficult>0.7656018733978271</difficult>
		<bndbox>
			<xmin>2350</xmin>
			<ymin>950</ymin>
			<xmax>370</xmax>
			<ymax>1002</ymax>
		</bndbox>
	</object>
	<object>
		<name>person</name>
		<difficult>0.5365471839904785</difficult>
		<bndbox>
			<xmin>2322</xmin>
			<ymin>854</ymin>
			<xmax>211</xmax>
			<ymax>730</ymax>
		</bndbox>
	</object>
</annotation>