<?xml version='1.0' encoding='utf8'?>
<annotation>
	<folder>zebra - 3</folder>
	<filename>traffic_light_114.jpg</filename>
	<path>E:\迅雷下载\zebra - 3\zebra - 3\traffic_light_114.jpg</path>
	<source>
		<database>Unknown</database>
	</source>
	<size>
		<width>1920</width>
		<height>1080</height>
		<depth>3</depth>
	</size>
	<segmented>0</segmented>
	<object>
		<name>stairs</name>
		<pose>Unspecified</pose>
		<truncated>0</truncated>
		<difficult>0</difficult>
		<bndbox>
			<xmin>732</xmin>
			<ymin>516</ymin>
			<xmax>1284</xmax>
			<ymax>578</ymax>
		</bndbox>
	</object>
	<object>
		<name>stairs</name>
		<pose>Unspecified</pose>
		<truncated>0</truncated>
		<difficult>0</difficult>
		<bndbox>
			<xmin>1373</xmin>
			<ymin>462</ymin>
			<xmax>1876</xmax>
			<ymax>508</ymax>
		</bndbox>
	</object>
	<object>
		<name>stairs</name>
		<pose>Unspecified</pose>
		<truncated>1</truncated>
		<difficult>0</difficult>
		<bndbox>
			<xmin>1764</xmin>
			<ymin>538</ymin>
			<xmax>1920</xmax>
			<ymax>592</ymax>
		</bndbox>
	</object>
	<object>
		<name>stairs</name>
		<pose>Unspecified</pose>
		<truncated>0</truncated>
		<difficult>0</difficult>
		<bndbox>
			<xmin>642</xmin>
			<ymin>575</ymin>
			<xmax>1692</xmax>
			<ymax>730</ymax>
		</bndbox>
	</object>
	<object>
		<name>car</name>
		<difficult>0.7561600804328918</difficult>
		<bndbox>
			<xmin>501</xmin>
			<ymin>175</ymin>
			<xmax>58</xmax>
			<ymax>55</ymax>
		</bndbox>
	</object>
	<object>
		<name>car</name>
		<difficult>0.6773173213005066</difficult>
		<bndbox>
			<xmin>370</xmin>
			<ymin>29</ymin>
			<xmax>71</xmax>
			<ymax>56</ymax>
		</bndbox>
	</object>
	<object>
		<name>car</name>
		<difficult>0.6127870082855225</difficult>
		<bndbox>
			<xmin>338</xmin>
			<ymin>41</ymin>
			<xmax>66</xmax>
			<ymax>67</ymax>
		</bndbox>
	</object>
</annotation>