<?xml version='1.0' encoding='utf8'?>
<annotation>
	<folder>zebra - 3</folder>
	<filename>traffic_light_449.jpg</filename>
	<path>E:\迅雷下载\zebra - 3\zebra - 3\traffic_light_449.jpg</path>
	<source>
		<database>Unknown</database>
	</source>
	<size>
		<width>1920</width>
		<height>1080</height>
		<depth>3</depth>
	</size>
	<segmented>0</segmented>
	<object>
		<name>traffic light</name>
		<pose>Unspecified</pose>
		<truncated>0</truncated>
		<difficult>0</difficult>
		<bndbox>
			<xmin>1132</xmin>
			<ymin>3</ymin>
			<xmax>1348</xmax>
			<ymax>246</ymax>
		</bndbox>
	</object>
	<object>
		<name>zebra</name>
		<pose>Unspecified</pose>
		<truncated>0</truncated>
		<difficult>0</difficult>
		<bndbox>
			<xmin>727</xmin>
			<ymin>716</ymin>
			<xmax>1313</xmax>
			<ymax>794</ymax>
		</bndbox>
	</object>
	<object>
		<name>zebra</name>
		<pose>Unspecified</pose>
		<truncated>1</truncated>
		<difficult>0</difficult>
		<bndbox>
			<xmin>1656</xmin>
			<ymin>735</ymin>
			<xmax>1920</xmax>
			<ymax>785</ymax>
		</bndbox>
	</object>
	<object>
		<name>zebra</name>
		<pose>Unspecified</pose>
		<truncated>1</truncated>
		<difficult>0</difficult>
		<bndbox>
			<xmin>954</xmin>
			<ymin>834</ymin>
			<xmax>1920</xmax>
			<ymax>1078</ymax>
		</bndbox>
	</object>
	<object>
		<name>zebra</name>
		<pose>Unspecified</pose>
		<truncated>0</truncated>
		<difficult>0</difficult>
		<bndbox>
			<xmin>3</xmin>
			<ymin>816</ymin>
			<xmax>784</xmax>
			<ymax>1003</ymax>
		</bndbox>
	</object>
	<object>
		<name>person</name>
		<difficult>0.719264030456543</difficult>
		<bndbox>
			<xmin>1457</xmin>
			<ymin>406</ymin>
			<xmax>124</xmax>
			<ymax>296</ymax>
		</bndbox>
	</object>
</annotation>