<?xml version='1.0' encoding='utf8'?>
<annotation>
	<folder>zebra - 6</folder>
	<filename>VID_20181205_124659 150.jpg</filename>
	<path>E:\Download\windows_v1.8.1\zebra - 6\VID_20181205_124659 150.jpg</path>
	<source>
		<database>Unknown</database>
	</source>
	<size>
		<width>1280</width>
		<height>720</height>
		<depth>3</depth>
	</size>
	<segmented>0</segmented>
	<object>
		<name>zebra</name>
		<pose>Unspecified</pose>
		<truncated>1</truncated>
		<difficult>0</difficult>
		<bndbox>
			<xmin>28</xmin>
			<ymin>177</ymin>
			<xmax>1276</xmax>
			<ymax>720</ymax>
		</bndbox>
	</object>
	<object>
		<name>person</name>
		<difficult>0.8179616332054138</difficult>
		<bndbox>
			<xmin>94</xmin>
			<ymin>115</ymin>
			<xmax>74</xmax>
			<ymax>229</ymax>
		</bndbox>
	</object>
	<object>
		<name>person</name>
		<difficult>0.6404597759246826</difficult>
		<bndbox>
			<xmin>389</xmin>
			<ymin>86</ymin>
			<xmax>38</xmax>
			<ymax>95</ymax>
		</bndbox>
	</object>
</annotation>