<?xml version='1.0' encoding='utf8'?>
<annotation>
	<folder>zebra - 7</folder>
	<filename>VID_20181207_191620042.jpg</filename>
	<path>E:\迅雷下载\zebra - 7\zebra - 7\VID_20181207_191620042.jpg</path>
	<source>
		<database>Unknown</database>
	</source>
	<size>
		<width>1920</width>
		<height>1080</height>
		<depth>3</depth>
	</size>
	<segmented>0</segmented>
	<object>
		<name>traffic light</name>
		<pose>Unspecified</pose>
		<truncated>0</truncated>
		<difficult>0</difficult>
		<bndbox>
			<xmin>1373</xmin>
			<ymin>13</ymin>
			<xmax>1461</xmax>
			<ymax>121</ymax>
		</bndbox>
	</object>
	<object>
		<name>traffic light</name>
		<pose>Unspecified</pose>
		<truncated>0</truncated>
		<difficult>0</difficult>
		<bndbox>
			<xmin>584</xmin>
			<ymin>24</ymin>
			<xmax>632</xmax>
			<ymax>75</ymax>
		</bndbox>
	</object>
	<object>
		<name>car</name>
		<difficult>0.7940225005149841</difficult>
		<bndbox>
			<xmin>198</xmin>
			<ymin>60</ymin>
			<xmax>115</xmax>
			<ymax>65</ymax>
		</bndbox>
	</object>
	<object>
		<name>car</name>
		<difficult>0.5930659174919128</difficult>
		<bndbox>
			<xmin>282</xmin>
			<ymin>52</ymin>
			<xmax>79</xmax>
			<ymax>66</ymax>
		</bndbox>
	</object>
</annotation>