<?xml version='1.0' encoding='utf8'?>
<annotation>
	<folder>zebra - 6</folder>
	<filename>VID_20181205_124659 009.jpg</filename>
	<path>E:\Download\windows_v1.8.1\zebra - 6\VID_20181205_124659 009.jpg</path>
	<source>
		<database>Unknown</database>
	</source>
	<size>
		<width>1280</width>
		<height>720</height>
		<depth>3</depth>
	</size>
	<segmented>0</segmented>
	<object>
		<name>zebra</name>
		<pose>Unspecified</pose>
		<truncated>0</truncated>
		<difficult>0</difficult>
		<bndbox>
			<xmin>198</xmin>
			<ymin>99</ymin>
			<xmax>1279</xmax>
			<ymax>536</ymax>
		</bndbox>
	</object>
	<object>
		<name>person</name>
		<difficult>0.7122766971588135</difficult>
		<bndbox>
			<xmin>263</xmin>
			<ymin>140</ymin>
			<xmax>44</xmax>
			<ymax>111</ymax>
		</bndbox>
	</object>
	<object>
		<name>person</name>
		<difficult>0.6759614944458008</difficult>
		<bndbox>
			<xmin>129</xmin>
			<ymin>144</ymin>
			<xmax>42</xmax>
			<ymax>123</ymax>
		</bndbox>
	</object>
	<object>
		<name>person</name>
		<difficult>0.6708616018295288</difficult>
		<bndbox>
			<xmin>343</xmin>
			<ymin>144</ymin>
			<xmax>37</xmax>
			<ymax>113</ymax>
		</bndbox>
	</object>
	<object>
		<name>person</name>
		<difficult>0.6388949751853943</difficult>
		<bndbox>
			<xmin>192</xmin>
			<ymin>139</ymin>
			<xmax>35</xmax>
			<ymax>112</ymax>
		</bndbox>
	</object>
	<object>
		<name>person</name>
		<difficult>0.5902330279350281</difficult>
		<bndbox>
			<xmin>79</xmin>
			<ymin>117</ymin>
			<xmax>23</xmax>
			<ymax>69</ymax>
		</bndbox>
	</object>
</annotation>