<?xml version='1.0' encoding='utf8'?>
<annotation>
	<folder>zebra</folder>
	<filename>IMG_20181217_000513.jpg</filename>
	<path>E:\迅雷下载\zebra\IMG_20181217_000513.jpg</path>
	<source>
		<database>Unknown</database>
	</source>
	<size>
		<width>2976</width>
		<height>3968</height>
		<depth>3</depth>
	</size>
	<segmented>0</segmented>
	<object>
		<name>zebra</name>
		<pose>Unspecified</pose>
		<truncated>1</truncated>
		<difficult>0</difficult>
		<bndbox>
			<xmin>1046</xmin>
			<ymin>1708</ymin>
			<xmax>2976</xmax>
			<ymax>2498</ymax>
		</bndbox>
	</object>
	<object>
		<name>person</name>
		<difficult>0.7965617179870605</difficult>
		<bndbox>
			<xmin>542</xmin>
			<ymin>85</ymin>
			<xmax>70</xmax>
			<ymax>118</ymax>
		</bndbox>
	</object>
	<object>
		<name>person</name>
		<difficult>0.7369828820228577</difficult>
		<bndbox>
			<xmin>309</xmin>
			<ymin>133</ymin>
			<xmax>54</xmax>
			<ymax>125</ymax>
		</bndbox>
	</object>
	<object>
		<name>person</name>
		<difficult>0.7190898656845093</difficult>
		<bndbox>
			<xmin>334</xmin>
			<ymin>112</ymin>
			<xmax>66</xmax>
			<ymax>165</ymax>
		</bndbox>
	</object>
</annotation>