<?xml version='1.0' encoding='utf8'?>
<annotation>
	<folder>zebra - 1</folder>
	<filename>20_斑马线 (2).jpg</filename>
	<path>F:\work\dian\打标\doing\zebra - 1\20_斑马线 (2).jpg</path>
	<source>
		<database>Unknown</database>
	</source>
	<size>
		<width>1200</width>
		<height>800</height>
		<depth>3</depth>
	</size>
	<segmented>0</segmented>
	<object>
		<name>zebra</name>
		<pose>Unspecified</pose>
		<truncated>1</truncated>
		<difficult>0</difficult>
		<bndbox>
			<xmin>5</xmin>
			<ymin>1</ymin>
			<xmax>1110</xmax>
			<ymax>800</ymax>
		</bndbox>
	</object>
	<object>
		<name>person</name>
		<difficult>0.8161073923110962</difficult>
		<bndbox>
			<xmin>266</xmin>
			<ymin>108</ymin>
			<xmax>156</xmax>
			<ymax>274</ymax>
		</bndbox>
	</object>
</annotation>