<?xml version='1.0' encoding='utf8'?>
<annotation>
	<folder>zebra - 3</folder>
	<filename>VID_20181217_144352006.jpg</filename>
	<path>E:\迅雷下载\zebra - 3\zebra - 3\VID_20181217_144352006.jpg</path>
	<source>
		<database>Unknown</database>
	</source>
	<size>
		<width>1920</width>
		<height>1080</height>
		<depth>3</depth>
	</size>
	<segmented>0</segmented>
	<object>
		<name>zebra</name>
		<pose>Unspecified</pose>
		<truncated>1</truncated>
		<difficult>0</difficult>
		<bndbox>
			<xmin>1</xmin>
			<ymin>475</ymin>
			<xmax>1920</xmax>
			<ymax>1071</ymax>
		</bndbox>
	</object>
	<object>
		<name>motorbike</name>
		<difficult>0.7764080762863159</difficult>
		<bndbox>
			<xmin>157</xmin>
			<ymin>348</ymin>
			<xmax>121</xmax>
			<ymax>122</ymax>
		</bndbox>
	</object>
</annotation>