<?xml version='1.0' encoding='utf8'?>
<annotation>
	<folder>zebra - 5</folder>
	<filename>VID_20181205_124358 028.jpg</filename>
	<path>E:\Download\windows_v1.8.1\zebra - 5\VID_20181205_124358 028.jpg</path>
	<source>
		<database>Unknown</database>
	</source>
	<size>
		<width>1280</width>
		<height>720</height>
		<depth>3</depth>
	</size>
	<segmented>0</segmented>
	<object>
		<name>zebra</name>
		<pose>Unspecified</pose>
		<truncated>0</truncated>
		<difficult>0</difficult>
		<bndbox>
			<xmin>19</xmin>
			<ymin>216</ymin>
			<xmax>1077</xmax>
			<ymax>663</ymax>
		</bndbox>
	</object>
</annotation>