<?xml version='1.0' encoding='utf8'?>
<annotation>
	<folder>zebra - 2</folder>
	<filename>157_斑马线 (2).jpg</filename>
	<path>F:\work\dian\打标\doing\zebra - 2\157_斑马线 (2).jpg</path>
	<source>
		<database>Unknown</database>
	</source>
	<size>
		<width>1600</width>
		<height>1200</height>
		<depth>3</depth>
	</size>
	<segmented>0</segmented>
	<object>
		<name>zebra</name>
		<pose>Unspecified</pose>
		<truncated>1</truncated>
		<difficult>0</difficult>
		<bndbox>
			<xmin>356</xmin>
			<ymin>606</ymin>
			<xmax>1600</xmax>
			<ymax>1191</ymax>
		</bndbox>
	</object>
	<object>
		<name>person</name>
		<difficult>0.6052604913711548</difficult>
		<bndbox>
			<xmin>906</xmin>
			<ymin>639</ymin>
			<xmax>151</xmax>
			<ymax>319</ymax>
		</bndbox>
	</object>
	<object>
		<name>car</name>
		<difficult>0.5624310970306396</difficult>
		<bndbox>
			<xmin>533</xmin>
			<ymin>586</ymin>
			<xmax>339</xmax>
			<ymax>145</ymax>
		</bndbox>
	</object>
</annotation>