<?xml version='1.0' encoding='utf8'?>
<annotation>
	<folder>zebra - 2</folder>
	<filename>IMG_20181127_143917.jpg</filename>
	<path>F:\work\dian\打标\doing\zebra - 2\IMG_20181127_143917.jpg</path>
	<source>
		<database>Unknown</database>
	</source>
	<size>
		<width>3456</width>
		<height>4608</height>
		<depth>3</depth>
	</size>
	<segmented>0</segmented>
	<object>
		<name>zebra</name>
		<pose>Unspecified</pose>
		<truncated>1</truncated>
		<difficult>0</difficult>
		<bndbox>
			<xmin>80</xmin>
			<ymin>598</ymin>
			<xmax>3456</xmax>
			<ymax>4601</ymax>
		</bndbox>
	</object>
	<object>
		<name>car</name>
		<difficult>0.8328390717506409</difficult>
		<bndbox>
			<xmin>105</xmin>
			<ymin>361</ymin>
			<xmax>199</xmax>
			<ymax>174</ymax>
		</bndbox>
	</object>
	<object>
		<name>car</name>
		<difficult>0.8107464909553528</difficult>
		<bndbox>
			<xmin>212</xmin>
			<ymin>162</ymin>
			<xmax>182</xmax>
			<ymax>142</ymax>
		</bndbox>
	</object>
</annotation>