<?xml version='1.0' encoding='utf8'?>
<annotation>
	<folder>zebra - 2</folder>
	<filename>IMG_20181127_145146.jpg</filename>
	<path>F:\work\dian\打标\doing\zebra - 2\IMG_20181127_145146.jpg</path>
	<source>
		<database>Unknown</database>
	</source>
	<size>
		<width>3456</width>
		<height>4608</height>
		<depth>3</depth>
	</size>
	<segmented>0</segmented>
	<object>
		<name>zebra</name>
		<pose>Unspecified</pose>
		<truncated>1</truncated>
		<difficult>0</difficult>
		<bndbox>
			<xmin>13</xmin>
			<ymin>726</ymin>
			<xmax>2731</xmax>
			<ymax>4608</ymax>
		</bndbox>
	</object>
	<object>
		<name>car</name>
		<difficult>0.7486447691917419</difficult>
		<bndbox>
			<xmin>97</xmin>
			<ymin>63</ymin>
			<xmax>65</xmax>
			<ymax>51</ymax>
		</bndbox>
	</object>
</annotation>