<?xml version='1.0' encoding='utf8'?>
<annotation>
	<folder>zebra - 3</folder>
	<filename>IMG_20181127_150833.jpg</filename>
	<path>E:\迅雷下载\zebra - 3\zebra - 3\IMG_20181127_150833.jpg</path>
	<source>
		<database>Unknown</database>
	</source>
	<size>
		<width>3456</width>
		<height>4608</height>
		<depth>3</depth>
	</size>
	<segmented>0</segmented>
	<object>
		<name>stairs</name>
		<pose>Unspecified</pose>
		<truncated>1</truncated>
		<difficult>0</difficult>
		<bndbox>
			<xmin>103</xmin>
			<ymin>1309</ymin>
			<xmax>3456</xmax>
			<ymax>4073</ymax>
		</bndbox>
	</object>
	<object>
		<name>person</name>
		<difficult>0.6072558164596558</difficult>
		<bndbox>
			<xmin>418</xmin>
			<ymin>172</ymin>
			<xmax>29</xmax>
			<ymax>61</ymax>
		</bndbox>
	</object>
</annotation>