<?xml version='1.0' encoding='utf8'?>
<annotation>
	<folder>zebra - 3</folder>
	<filename>traffic_light_466.jpg</filename>
	<path>E:\迅雷下载\zebra - 3\zebra - 3\traffic_light_466.jpg</path>
	<source>
		<database>Unknown</database>
	</source>
	<size>
		<width>1920</width>
		<height>1080</height>
		<depth>3</depth>
	</size>
	<segmented>0</segmented>
	<object>
		<name>traffic light</name>
		<pose>Unspecified</pose>
		<truncated>0</truncated>
		<difficult>0</difficult>
		<bndbox>
			<xmin>1280</xmin>
			<ymin>43</ymin>
			<xmax>1521</xmax>
			<ymax>302</ymax>
		</bndbox>
	</object>
	<object>
		<name>zebra</name>
		<pose>Unspecified</pose>
		<truncated>0</truncated>
		<difficult>0</difficult>
		<bndbox>
			<xmin>899</xmin>
			<ymin>776</ymin>
			<xmax>1492</xmax>
			<ymax>845</ymax>
		</bndbox>
	</object>
	<object>
		<name>zebra</name>
		<pose>Unspecified</pose>
		<truncated>0</truncated>
		<difficult>0</difficult>
		<bndbox>
			<xmin>1861</xmin>
			<ymin>791</ymin>
			<xmax>1918</xmax>
			<ymax>832</ymax>
		</bndbox>
	</object>
	<object>
		<name>zebra</name>
		<pose>Unspecified</pose>
		<truncated>1</truncated>
		<difficult>0</difficult>
		<bndbox>
			<xmin>1121</xmin>
			<ymin>895</ymin>
			<xmax>1920</xmax>
			<ymax>1079</ymax>
		</bndbox>
	</object>
	<object>
		<name>zebra</name>
		<pose>Unspecified</pose>
		<truncated>0</truncated>
		<difficult>0</difficult>
		<bndbox>
			<xmin>40</xmin>
			<ymin>859</ymin>
			<xmax>938</xmax>
			<ymax>1053</ymax>
		</bndbox>
	</object>
	<object>
		<name>person</name>
		<difficult>0.6898098587989807</difficult>
		<bndbox>
			<xmin>189</xmin>
			<ymin>148</ymin>
			<xmax>163</xmax>
			<ymax>275</ymax>
		</bndbox>
	</object>
</annotation>