<?xml version='1.0' encoding='utf8'?>
<annotation>
	<folder>zebra - 2</folder>
	<filename>IMG_20181127_144502.jpg</filename>
	<path>F:\work\dian\打标\doing\zebra - 2\IMG_20181127_144502.jpg</path>
	<source>
		<database>Unknown</database>
	</source>
	<size>
		<width>3456</width>
		<height>4608</height>
		<depth>3</depth>
	</size>
	<segmented>0</segmented>
	<object>
		<name>zebra</name>
		<pose>Unspecified</pose>
		<truncated>0</truncated>
		<difficult>0</difficult>
		<bndbox>
			<xmin>8</xmin>
			<ymin>1209</ymin>
			<xmax>3455</xmax>
			<ymax>4125</ymax>
		</bndbox>
	</object>
	<object>
		<name>person</name>
		<difficult>0.7889540791511536</difficult>
		<bndbox>
			<xmin>967</xmin>
			<ymin>228</ymin>
			<xmax>453</xmax>
			<ymax>444</ymax>
		</bndbox>
	</object>
	<object>
		<name>person</name>
		<difficult>0.7528590559959412</difficult>
		<bndbox>
			<xmin>308</xmin>
			<ymin>216</ymin>
			<xmax>198</xmax>
			<ymax>405</ymax>
		</bndbox>
	</object>
	<object>
		<name>person</name>
		<difficult>0.6708331108093262</difficult>
		<bndbox>
			<xmin>531</xmin>
			<ymin>109</ymin>
			<xmax>133</xmax>
			<ymax>232</ymax>
		</bndbox>
	</object>
	<object>
		<name>person</name>
		<difficult>0.6574930548667908</difficult>
		<bndbox>
			<xmin>64</xmin>
			<ymin>138</ymin>
			<xmax>108</xmax>
			<ymax>293</ymax>
		</bndbox>
	</object>
	<object>
		<name>person</name>
		<difficult>0.641146719455719</difficult>
		<bndbox>
			<xmin>684</xmin>
			<ymin>159</ymin>
			<xmax>237</xmax>
			<ymax>308</ymax>
		</bndbox>
	</object>
</annotation>