<?xml version='1.0' encoding='utf8'?>
<annotation>
	<folder>zebra - 2</folder>
	<filename>197_斑马线(1).jpg</filename>
	<path>F:\work\dian\打标\doing\zebra - 2\197_斑马线(1).jpg</path>
	<source>
		<database>Unknown</database>
	</source>
	<size>
		<width>452</width>
		<height>339</height>
		<depth>3</depth>
	</size>
	<segmented>0</segmented>
	<object>
		<name>zebra</name>
		<pose>Unspecified</pose>
		<truncated>1</truncated>
		<difficult>0</difficult>
		<bndbox>
			<xmin>2</xmin>
			<ymin>78</ymin>
			<xmax>452</xmax>
			<ymax>247</ymax>
		</bndbox>
	</object>
	<object>
		<name>car</name>
		<difficult>0.8181709051132202</difficult>
		<bndbox>
			<xmin>195</xmin>
			<ymin>166</ymin>
			<xmax>308</xmax>
			<ymax>97</ymax>
		</bndbox>
	</object>
	<object>
		<name>car</name>
		<difficult>0.8073892593383789</difficult>
		<bndbox>
			<xmin>421</xmin>
			<ymin>135</ymin>
			<xmax>229</xmax>
			<ymax>69</ymax>
		</bndbox>
	</object>
	<object>
		<name>person</name>
		<difficult>0.5758869051933289</difficult>
		<bndbox>
			<xmin>630</xmin>
			<ymin>142</ymin>
			<xmax>60</xmax>
			<ymax>111</ymax>
		</bndbox>
	</object>
	<object>
		<name>person</name>
		<difficult>0.546915590763092</difficult>
		<bndbox>
			<xmin>547</xmin>
			<ymin>146</ymin>
			<xmax>54</xmax>
			<ymax>97</ymax>
		</bndbox>
	</object>
</annotation>