<?xml version='1.0' encoding='utf8'?>
<annotation>
	<folder>zebra - 3</folder>
	<filename>traffic_light_100.jpg</filename>
	<path>E:\迅雷下载\zebra - 3\zebra - 3\traffic_light_100.jpg</path>
	<source>
		<database>Unknown</database>
	</source>
	<size>
		<width>1920</width>
		<height>1080</height>
		<depth>3</depth>
	</size>
	<segmented>0</segmented>
	<object>
		<name>stairs</name>
		<pose>Unspecified</pose>
		<truncated>0</truncated>
		<difficult>0</difficult>
		<bndbox>
			<xmin>913</xmin>
			<ymin>546</ymin>
			<xmax>1519</xmax>
			<ymax>591</ymax>
		</bndbox>
	</object>
	<object>
		<name>stairs</name>
		<pose>Unspecified</pose>
		<truncated>0</truncated>
		<difficult>0</difficult>
		<bndbox>
			<xmin>1597</xmin>
			<ymin>522</ymin>
			<xmax>1853</xmax>
			<ymax>562</ymax>
		</bndbox>
	</object>
	<object>
		<name>stairs</name>
		<pose>Unspecified</pose>
		<truncated>0</truncated>
		<difficult>0</difficult>
		<bndbox>
			<xmin>815</xmin>
			<ymin>591</ymin>
			<xmax>1837</xmax>
			<ymax>756</ymax>
		</bndbox>
	</object>
	<object>
		<name>car</name>
		<difficult>0.8208671808242798</difficult>
		<bndbox>
			<xmin>449</xmin>
			<ymin>144</ymin>
			<xmax>109</xmax>
			<ymax>88</ymax>
		</bndbox>
	</object>
	<object>
		<name>person</name>
		<difficult>0.7838016748428345</difficult>
		<bndbox>
			<xmin>245</xmin>
			<ymin>155</ymin>
			<xmax>38</xmax>
			<ymax>112</ymax>
		</bndbox>
	</object>
	<object>
		<name>person</name>
		<difficult>0.6854961514472961</difficult>
		<bndbox>
			<xmin>279</xmin>
			<ymin>164</ymin>
			<xmax>32</xmax>
			<ymax>78</ymax>
		</bndbox>
	</object>
</annotation>