<?xml version='1.0' encoding='utf8'?>
<annotation>
	<folder>star</folder>
	<filename>hearing-zebra-91.jpg</filename>
	<path>E:\Download\windows_v1.8.1\star\hearing-zebra-91.jpg</path>
	<source>
		<database>Unknown</database>
	</source>
	<size>
		<width>500</width>
		<height>357</height>
		<depth>3</depth>
	</size>
	<segmented>0</segmented>
	<object>
		<name>zebra</name>
		<pose>Unspecified</pose>
		<truncated>0</truncated>
		<difficult>0</difficult>
		<bndbox>
			<xmin>121</xmin>
			<ymin>240</ymin>
			<xmax>495</xmax>
			<ymax>348</ymax>
		</bndbox>
	</object>
	<object>
		<name>zebra</name>
		<pose>Unspecified</pose>
		<truncated>0</truncated>
		<difficult>0</difficult>
		<bndbox>
			<xmin>4</xmin>
			<ymin>229</ymin>
			<xmax>124</xmax>
			<ymax>285</ymax>
		</bndbox>
	</object>
	<object>
		<name>person</name>
		<difficult>0.7243565320968628</difficult>
		<bndbox>
			<xmin>492</xmin>
			<ymin>165</ymin>
			<xmax>50</xmax>
			<ymax>100</ymax>
		</bndbox>
	</object>
	<object>
		<name>car</name>
		<difficult>0.7113606333732605</difficult>
		<bndbox>
			<xmin>26</xmin>
			<ymin>188</ymin>
			<xmax>60</xmax>
			<ymax>91</ymax>
		</bndbox>
	</object>
	<object>
		<name>car</name>
		<difficult>0.6522594690322876</difficult>
		<bndbox>
			<xmin>432</xmin>
			<ymin>124</ymin>
			<xmax>74</xmax>
			<ymax>33</ymax>
		</bndbox>
	</object>
	<object>
		<name>person</name>
		<difficult>0.6081887483596802</difficult>
		<bndbox>
			<xmin>590</xmin>
			<ymin>168</ymin>
			<xmax>23</xmax>
			<ymax>97</ymax>
		</bndbox>
	</object>
	<object>
		<name>car</name>
		<difficult>0.5980710983276367</difficult>
		<bndbox>
			<xmin>303</xmin>
			<ymin>123</ymin>
			<xmax>66</xmax>
			<ymax>39</ymax>
		</bndbox>
	</object>
</annotation>