<?xml version='1.0' encoding='utf8'?>
<annotation>
	<folder>zebra - 1</folder>
	<filename>17_斑马线 (2).jpg</filename>
	<path>F:\work\dian\打标\doing\zebra - 1\17_斑马线 (2).jpg</path>
	<source>
		<database>Unknown</database>
	</source>
	<size>
		<width>486</width>
		<height>587</height>
		<depth>3</depth>
	</size>
	<segmented>0</segmented>
	<object>
		<name>zebra</name>
		<pose>Unspecified</pose>
		<truncated>0</truncated>
		<difficult>0</difficult>
		<bndbox>
			<xmin>51</xmin>
			<ymin>260</ymin>
			<xmax>483</xmax>
			<ymax>583</ymax>
		</bndbox>
	</object>
	<object>
		<name>bus</name>
		<difficult>0.8285969495773315</difficult>
		<bndbox>
			<xmin>87</xmin>
			<ymin>119</ymin>
			<xmax>194</xmax>
			<ymax>128</ymax>
		</bndbox>
	</object>
	<object>
		<name>person</name>
		<difficult>0.7190434336662292</difficult>
		<bndbox>
			<xmin>374</xmin>
			<ymin>195</ymin>
			<xmax>75</xmax>
			<ymax>113</ymax>
		</bndbox>
	</object>
	<object>
		<name>person</name>
		<difficult>0.6832948923110962</difficult>
		<bndbox>
			<xmin>215</xmin>
			<ymin>202</ymin>
			<xmax>75</xmax>
			<ymax>124</ymax>
		</bndbox>
	</object>
	<object>
		<name>person</name>
		<difficult>0.6114328503608704</difficult>
		<bndbox>
			<xmin>21</xmin>
			<ymin>174</ymin>
			<xmax>41</xmax>
			<ymax>105</ymax>
		</bndbox>
	</object>
	<object>
		<name>person</name>
		<difficult>0.608074963092804</difficult>
		<bndbox>
			<xmin>77</xmin>
			<ymin>173</ymin>
			<xmax>46</xmax>
			<ymax>102</ymax>
		</bndbox>
	</object>
	<object>
		<name>car</name>
		<difficult>0.6075993180274963</difficult>
		<bndbox>
			<xmin>159</xmin>
			<ymin>158</ymin>
			<xmax>84</xmax>
			<ymax>54</ymax>
		</bndbox>
	</object>
	<object>
		<name>bicycle</name>
		<difficult>0.531249463558197</difficult>
		<bndbox>
			<xmin>30</xmin>
			<ymin>203</ymin>
			<xmax>62</xmax>
			<ymax>86</ymax>
		</bndbox>
	</object>
</annotation>