<?xml version='1.0' encoding='utf8'?>
<annotation>
	<folder>zebra - 6</folder>
	<filename>VID_20181205_124659 024.jpg</filename>
	<path>E:\Download\windows_v1.8.1\zebra - 6\VID_20181205_124659 024.jpg</path>
	<source>
		<database>Unknown</database>
	</source>
	<size>
		<width>1280</width>
		<height>720</height>
		<depth>3</depth>
	</size>
	<segmented>0</segmented>
	<object>
		<name>zebra</name>
		<pose>Unspecified</pose>
		<truncated>1</truncated>
		<difficult>0</difficult>
		<bndbox>
			<xmin>10</xmin>
			<ymin>163</ymin>
			<xmax>1056</xmax>
			<ymax>720</ymax>
		</bndbox>
	</object>
	<object>
		<name>car</name>
		<difficult>0.6422943472862244</difficult>
		<bndbox>
			<xmin>102</xmin>
			<ymin>190</ymin>
			<xmax>204</xmax>
			<ymax>145</ymax>
		</bndbox>
	</object>
	<object>
		<name>car</name>
		<difficult>0.5957803130149841</difficult>
		<bndbox>
			<xmin>469</xmin>
			<ymin>156</ymin>
			<xmax>147</xmax>
			<ymax>88</ymax>
		</bndbox>
	</object>
</annotation>