<?xml version='1.0' encoding='utf8'?>
<annotation>
	<folder>zebra - 4</folder>
	<filename>traffic_light_498.jpg</filename>
	<path>E:\Download\windows_v1.8.1\zebra - 4\traffic_light_498.jpg</path>
	<source>
		<database>Unknown</database>
	</source>
	<size>
		<width>1920</width>
		<height>1080</height>
		<depth>3</depth>
	</size>
	<segmented>0</segmented>
	<object>
		<name>zebra</name>
		<pose>Unspecified</pose>
		<truncated>0</truncated>
		<difficult>0</difficult>
		<bndbox>
			<xmin>845</xmin>
			<ymin>659</ymin>
			<xmax>1578</xmax>
			<ymax>753</ymax>
		</bndbox>
	</object>
	<object>
		<name>zebra</name>
		<pose>Unspecified</pose>
		<truncated>0</truncated>
		<difficult>0</difficult>
		<bndbox>
			<xmin>123</xmin>
			<ymin>756</ymin>
			<xmax>1891</xmax>
			<ymax>1037</ymax>
		</bndbox>
	</object>
	<object>
		<name>zebra</name>
		<pose>Unspecified</pose>
		<truncated>0</truncated>
		<difficult>0</difficult>
		<bndbox>
			<xmin>13</xmin>
			<ymin>650</ymin>
			<xmax>538</xmax>
			<ymax>749</ymax>
		</bndbox>
	</object>
</annotation>