<?xml version='1.0' encoding='utf8'?>
<annotation>
	<folder>zebra - 3</folder>
	<filename>IMG_20181127_151731.jpg</filename>
	<path>E:\迅雷下载\zebra - 3\zebra - 3\IMG_20181127_151731.jpg</path>
	<source>
		<database>Unknown</database>
	</source>
	<size>
		<width>3456</width>
		<height>4608</height>
		<depth>3</depth>
	</size>
	<segmented>0</segmented>
	<object>
		<name>stairs</name>
		<pose>Unspecified</pose>
		<truncated>1</truncated>
		<difficult>0</difficult>
		<bndbox>
			<xmin>8</xmin>
			<ymin>1394</ymin>
			<xmax>3454</xmax>
			<ymax>4608</ymax>
		</bndbox>
	</object>
	<object>
		<name>person</name>
		<difficult>0.6196852922439575</difficult>
		<bndbox>
			<xmin>322</xmin>
			<ymin>188</ymin>
			<xmax>67</xmax>
			<ymax>92</ymax>
		</bndbox>
	</object>
	<object>
		<name>car</name>
		<difficult>0.5346115231513977</difficult>
		<bndbox>
			<xmin>487</xmin>
			<ymin>215</ymin>
			<xmax>21</xmax>
			<ymax>134</ymax>
		</bndbox>
	</object>
</annotation>