<?xml version='1.0' encoding='utf8'?>
<annotation>
	<folder>zebra - 8</folder>
	<filename>VID_20181209_215409010.jpg</filename>
	<path>E:\迅雷下载\zebra - 8\zebra - 8\VID_20181209_215409010.jpg</path>
	<source>
		<database>Unknown</database>
	</source>
	<size>
		<width>1080</width>
		<height>1920</height>
		<depth>3</depth>
	</size>
	<segmented>0</segmented>
	<object>
		<name>traffic light</name>
		<pose>Unspecified</pose>
		<truncated>0</truncated>
		<difficult>0</difficult>
		<bndbox>
			<xmin>450</xmin>
			<ymin>680</ymin>
			<xmax>546</xmax>
			<ymax>844</ymax>
		</bndbox>
	</object>
	<object>
		<name>car</name>
		<difficult>0.9164019823074341</difficult>
		<bndbox>
			<xmin>80</xmin>
			<ymin>146</ymin>
			<xmax>123</xmax>
			<ymax>60</ymax>
		</bndbox>
	</object>
	<object>
		<name>person</name>
		<difficult>0.7720525860786438</difficult>
		<bndbox>
			<xmin>283</xmin>
			<ymin>152</ymin>
			<xmax>33</xmax>
			<ymax>90</ymax>
		</bndbox>
	</object>
	<object>
		<name>car</name>
		<difficult>0.7672021389007568</difficult>
		<bndbox>
			<xmin>183</xmin>
			<ymin>141</ymin>
			<xmax>93</xmax>
			<ymax>44</ymax>
		</bndbox>
	</object>
</annotation>