<?xml version='1.0' encoding='utf8'?>
<annotation>
	<folder>zebra - 7</folder>
	<filename>VID_20181207_190549014.jpg</filename>
	<path>E:\迅雷下载\zebra - 7\zebra - 7\VID_20181207_190549014.jpg</path>
	<source>
		<database>Unknown</database>
	</source>
	<size>
		<width>1920</width>
		<height>1080</height>
		<depth>3</depth>
	</size>
	<segmented>0</segmented>
	<object>
		<name>zebra</name>
		<pose>Unspecified</pose>
		<truncated>1</truncated>
		<difficult>0</difficult>
		<bndbox>
			<xmin>13</xmin>
			<ymin>37</ymin>
			<xmax>1759</xmax>
			<ymax>1080</ymax>
		</bndbox>
	</object>
	<object>
		<name>car</name>
		<difficult>0.8616373538970947</difficult>
		<bndbox>
			<xmin>74</xmin>
			<ymin>72</ymin>
			<xmax>144</xmax>
			<ymax>145</ymax>
		</bndbox>
	</object>
	<object>
		<name>person</name>
		<difficult>0.7403616309165955</difficult>
		<bndbox>
			<xmin>392</xmin>
			<ymin>96</ymin>
			<xmax>59</xmax>
			<ymax>213</ymax>
		</bndbox>
	</object>
	<object>
		<name>person</name>
		<difficult>0.658566415309906</difficult>
		<bndbox>
			<xmin>305</xmin>
			<ymin>110</ymin>
			<xmax>97</xmax>
			<ymax>213</ymax>
		</bndbox>
	</object>
	<object>
		<name>person</name>
		<difficult>0.6215200424194336</difficult>
		<bndbox>
			<xmin>251</xmin>
			<ymin>135</ymin>
			<xmax>73</xmax>
			<ymax>151</ymax>
		</bndbox>
	</object>
	<object>
		<name>motorbike</name>
		<difficult>0.600264847278595</difficult>
		<bndbox>
			<xmin>154</xmin>
			<ymin>55</ymin>
			<xmax>51</xmax>
			<ymax>54</ymax>
		</bndbox>
	</object>
</annotation>