<?xml version='1.0' encoding='utf8'?>
<annotation>
	<folder>lj</folder>
	<filename>1317002cee9b5844a3a158654db73322.jpg</filename>
	<path>E:\Download\windows_v1.8.1\lj\1317002cee9b5844a3a158654db73322.jpg</path>
	<source>
		<database>Unknown</database>
	</source>
	<size>
		<width>1200</width>
		<height>801</height>
		<depth>3</depth>
	</size>
	<segmented>0</segmented>
	<object>
		<name>zebra</name>
		<pose>Unspecified</pose>
		<truncated>1</truncated>
		<difficult>0</difficult>
		<bndbox>
			<xmin>53</xmin>
			<ymin>397</ymin>
			<xmax>1137</xmax>
			<ymax>801</ymax>
		</bndbox>
	</object>
	<object>
		<name>person</name>
		<difficult>0.7819502353668213</difficult>
		<bndbox>
			<xmin>81</xmin>
			<ymin>270</ymin>
			<xmax>110</xmax>
			<ymax>256</ymax>
		</bndbox>
	</object>
	<object>
		<name>person</name>
		<difficult>0.6939368844032288</difficult>
		<bndbox>
			<xmin>249</xmin>
			<ymin>275</ymin>
			<xmax>93</xmax>
			<ymax>265</ymax>
		</bndbox>
	</object>
	<object>
		<name>car</name>
		<difficult>0.5932401418685913</difficult>
		<bndbox>
			<xmin>268</xmin>
			<ymin>219</ymin>
			<xmax>462</xmax>
			<ymax>242</ymax>
		</bndbox>
	</object>
	<object>
		<name>person</name>
		<difficult>0.590144157409668</difficult>
		<bndbox>
			<xmin>180</xmin>
			<ymin>258</ymin>
			<xmax>83</xmax>
			<ymax>262</ymax>
		</bndbox>
	</object>
	<object>
		<name>car</name>
		<difficult>0.574724018573761</difficult>
		<bndbox>
			<xmin>897</xmin>
			<ymin>330</ymin>
			<xmax>149</xmax>
			<ymax>459</ymax>
		</bndbox>
	</object>
</annotation>