<?xml version='1.0' encoding='utf8'?>
<annotation>
	<folder>zebra - 2</folder>
	<filename>166_斑马线.jpg</filename>
	<path>F:\work\dian\打标\doing\zebra - 2\166_斑马线.jpg</path>
	<source>
		<database>Unknown</database>
	</source>
	<size>
		<width>0</width>
		<height>0</height>
		<depth>3</depth>
	</size>
	<segmented>0</segmented>
	<object>
		<name>zebra</name>
		<pose>Unspecified</pose>
		<truncated>0</truncated>
		<difficult>0</difficult>
		<bndbox>
			<xmin>200</xmin>
			<ymin>68</ymin>
			<xmax>550</xmax>
			<ymax>269</ymax>
		</bndbox>
	</object>
	<object>
		<name>person</name>
		<difficult>0.8446983695030212</difficult>
		<bndbox>
			<xmin>152</xmin>
			<ymin>242</ymin>
			<xmax>308</xmax>
			<ymax>454</ymax>
		</bndbox>
	</object>
</annotation>