<?xml version='1.0' encoding='utf8'?>
<annotation>
	<folder>zebra - 6</folder>
	<filename>VID_20181205_124659 168.jpg</filename>
	<path>E:\Download\windows_v1.8.1\zebra - 6\VID_20181205_124659 168.jpg</path>
	<source>
		<database>Unknown</database>
	</source>
	<size>
		<width>1280</width>
		<height>720</height>
		<depth>3</depth>
	</size>
	<segmented>0</segmented>
	<object>
		<name>zebra</name>
		<pose>Unspecified</pose>
		<truncated>1</truncated>
		<difficult>0</difficult>
		<bndbox>
			<xmin>161</xmin>
			<ymin>333</ymin>
			<xmax>1259</xmax>
			<ymax>720</ymax>
		</bndbox>
	</object>
	<object>
		<name>person</name>
		<difficult>0.8498531579971313</difficult>
		<bndbox>
			<xmin>933</xmin>
			<ymin>1210</ymin>
			<xmax>487</xmax>
			<ymax>1383</ymax>
		</bndbox>
	</object>
	<object>
		<name>person</name>
		<difficult>0.7458850741386414</difficult>
		<bndbox>
			<xmin>1270</xmin>
			<ymin>1391</ymin>
			<xmax>413</xmax>
			<ymax>760</ymax>
		</bndbox>
	</object>
	<object>
		<name>car</name>
		<difficult>0.6998081803321838</difficult>
		<bndbox>
			<xmin>174</xmin>
			<ymin>898</ymin>
			<xmax>284</xmax>
			<ymax>489</ymax>
		</bndbox>
	</object>
</annotation>