<?xml version='1.0' encoding='utf8'?>
<annotation>
	<folder>zebra - 1</folder>
	<filename>25_斑马线 (2).jpg</filename>
	<path>F:\work\dian\打标\doing\zebra - 1\25_斑马线 (2).jpg</path>
	<source>
		<database>Unknown</database>
	</source>
	<size>
		<width>2500</width>
		<height>2205</height>
		<depth>3</depth>
	</size>
	<segmented>0</segmented>
	<object>
		<name>zebra</name>
		<pose>Unspecified</pose>
		<truncated>1</truncated>
		<difficult>0</difficult>
		<bndbox>
			<xmin>645</xmin>
			<ymin>2010</ymin>
			<xmax>1969</xmax>
			<ymax>2205</ymax>
		</bndbox>
	</object>
	<object>
		<name>traffic light</name>
		<pose>Unspecified</pose>
		<truncated>0</truncated>
		<difficult>0</difficult>
		<bndbox>
			<xmin>1307</xmin>
			<ymin>1294</ymin>
			<xmax>1399</xmax>
			<ymax>1483</ymax>
		</bndbox>
	</object>
	<object>
		<name>bus</name>
		<difficult>0.7139649987220764</difficult>
		<bndbox>
			<xmin>1501</xmin>
			<ymin>1641</ymin>
			<xmax>343</xmax>
			<ymax>384</ymax>
		</bndbox>
	</object>
	<object>
		<name>person</name>
		<difficult>0.5130354166030884</difficult>
		<bndbox>
			<xmin>1697</xmin>
			<ymin>2003</ymin>
			<xmax>191</xmax>
			<ymax>378</ymax>
		</bndbox>
	</object>
</annotation>