<?xml version='1.0' encoding='utf8'?>
<annotation>
	<folder>zebra - 1</folder>
	<filename>25_斑马线.jpg</filename>
	<path>F:\work\dian\打标\doing\zebra - 1\25_斑马线.jpg</path>
	<source>
		<database>Unknown</database>
	</source>
	<size>
		<width>960</width>
		<height>720</height>
		<depth>3</depth>
	</size>
	<segmented>0</segmented>
	<object>
		<name>zebra</name>
		<pose>Unspecified</pose>
		<truncated>0</truncated>
		<difficult>0</difficult>
		<bndbox>
			<xmin>100</xmin>
			<ymin>222</ymin>
			<xmax>834</xmax>
			<ymax>627</ymax>
		</bndbox>
	</object>
</annotation>