<?xml version='1.0' encoding='utf8'?>
<annotation>
	<folder>zebra</folder>
	<filename>IMG_20181217_000517.jpg</filename>
	<path>E:\迅雷下载\zebra\IMG_20181217_000517.jpg</path>
	<source>
		<database>Unknown</database>
	</source>
	<size>
		<width>2976</width>
		<height>3968</height>
		<depth>3</depth>
	</size>
	<segmented>0</segmented>
	<object>
		<name>zebra</name>
		<pose>Unspecified</pose>
		<truncated>1</truncated>
		<difficult>0</difficult>
		<bndbox>
			<xmin>275</xmin>
			<ymin>1733</ymin>
			<xmax>2976</xmax>
			<ymax>2513</ymax>
		</bndbox>
	</object>
	<object>
		<name>car</name>
		<difficult>0.7628092765808105</difficult>
		<bndbox>
			<xmin>577</xmin>
			<ymin>111</ymin>
			<xmax>52</xmax>
			<ymax>50</ymax>
		</bndbox>
	</object>
	<object>
		<name>person</name>
		<difficult>0.5101794004440308</difficult>
		<bndbox>
			<xmin>286</xmin>
			<ymin>101</ymin>
			<xmax>24</xmax>
			<ymax>59</ymax>
		</bndbox>
	</object>
</annotation>