<?xml version='1.0' encoding='utf8'?>
<annotation>
	<folder>zebra - 5</folder>
	<filename>VID_20181205_124358 007.jpg</filename>
	<path>E:\Download\windows_v1.8.1\zebra - 5\VID_20181205_124358 007.jpg</path>
	<source>
		<database>Unknown</database>
	</source>
	<size>
		<width>1280</width>
		<height>720</height>
		<depth>3</depth>
	</size>
	<segmented>0</segmented>
	<object>
		<name>zebra</name>
		<pose>Unspecified</pose>
		<truncated>0</truncated>
		<difficult>0</difficult>
		<bndbox>
			<xmin>170</xmin>
			<ymin>264</ymin>
			<xmax>1260</xmax>
			<ymax>545</ymax>
		</bndbox>
	</object>
	<object>
		<name>car</name>
		<difficult>0.8208451867103577</difficult>
		<bndbox>
			<xmin>272</xmin>
			<ymin>242</ymin>
			<xmax>64</xmax>
			<ymax>45</ymax>
		</bndbox>
	</object>
	<object>
		<name>car</name>
		<difficult>0.7803240418434143</difficult>
		<bndbox>
			<xmin>163</xmin>
			<ymin>221</ymin>
			<xmax>56</xmax>
			<ymax>41</ymax>
		</bndbox>
	</object>
	<object>
		<name>car</name>
		<difficult>0.6860455274581909</difficult>
		<bndbox>
			<xmin>219</xmin>
			<ymin>196</ymin>
			<xmax>50</xmax>
			<ymax>40</ymax>
		</bndbox>
	</object>
	<object>
		<name>car</name>
		<difficult>0.6858205199241638</difficult>
		<bndbox>
			<xmin>88</xmin>
			<ymin>213</ymin>
			<xmax>54</xmax>
			<ymax>50</ymax>
		</bndbox>
	</object>
	<object>
		<name>car</name>
		<difficult>0.611996054649353</difficult>
		<bndbox>
			<xmin>19</xmin>
			<ymin>229</ymin>
			<xmax>43</xmax>
			<ymax>52</ymax>
		</bndbox>
	</object>
	<object>
		<name>car</name>
		<difficult>0.5583651065826416</difficult>
		<bndbox>
			<xmin>293</xmin>
			<ymin>191</ymin>
			<xmax>54</xmax>
			<ymax>34</ymax>
		</bndbox>
	</object>
	<object>
		<name>car</name>
		<difficult>0.5463628172874451</difficult>
		<bndbox>
			<xmin>177</xmin>
			<ymin>246</ymin>
			<xmax>61</xmax>
			<ymax>32</ymax>
		</bndbox>
	</object>
	<object>
		<name>car</name>
		<difficult>0.5159218311309814</difficult>
		<bndbox>
			<xmin>385</xmin>
			<ymin>215</ymin>
			<xmax>27</xmax>
			<ymax>49</ymax>
		</bndbox>
	</object>
</annotation>