<?xml version='1.0' encoding='utf8'?>
<annotation>
	<folder>zebra - 2</folder>
	<filename>127_斑马线 (2).jpg</filename>
	<path>F:\work\dian\打标\doing\zebra - 2\127_斑马线 (2).jpg</path>
	<source>
		<database>Unknown</database>
	</source>
	<size>
		<width>550</width>
		<height>372</height>
		<depth>3</depth>
	</size>
	<segmented>0</segmented>
	<object>
		<name>zebra</name>
		<pose>Unspecified</pose>
		<truncated>0</truncated>
		<difficult>0</difficult>
		<bndbox>
			<xmin>4</xmin>
			<ymin>101</ymin>
			<xmax>548</xmax>
			<ymax>371</ymax>
		</bndbox>
	</object>
	<object>
		<name>person</name>
		<difficult>0.8408315181732178</difficult>
		<bndbox>
			<xmin>1205</xmin>
			<ymin>809</ymin>
			<xmax>371</xmax>
			<ymax>1241</ymax>
		</bndbox>
	</object>
	<object>
		<name>person</name>
		<difficult>0.7979247570037842</difficult>
		<bndbox>
			<xmin>1612</xmin>
			<ymin>869</ymin>
			<xmax>402</xmax>
			<ymax>1207</ymax>
		</bndbox>
	</object>
	<object>
		<name>car</name>
		<difficult>0.758456826210022</difficult>
		<bndbox>
			<xmin>646</xmin>
			<ymin>1010</ymin>
			<xmax>725</xmax>
			<ymax>384</ymax>
		</bndbox>
	</object>
	<object>
		<name>bus</name>
		<difficult>0.5480265021324158</difficult>
		<bndbox>
			<xmin>304</xmin>
			<ymin>641</ymin>
			<xmax>582</xmax>
			<ymax>993</ymax>
		</bndbox>
	</object>
</annotation>