<?xml version='1.0' encoding='utf8'?>
<annotation>
	<folder>star</folder>
	<filename>hearing-zebra-86.jpg</filename>
	<path>E:\Download\windows_v1.8.1\star\hearing-zebra-86.jpg</path>
	<source>
		<database>Unknown</database>
	</source>
	<size>
		<width>500</width>
		<height>333</height>
		<depth>1</depth>
	</size>
	<segmented>0</segmented>
	<object>
		<name>zebra</name>
		<pose>Unspecified</pose>
		<truncated>1</truncated>
		<difficult>0</difficult>
		<bndbox>
			<xmin>18</xmin>
			<ymin>66</ymin>
			<xmax>500</xmax>
			<ymax>328</ymax>
		</bndbox>
	</object>
	<object>
		<name>person</name>
		<difficult>0.8464110493659973</difficult>
		<bndbox>
			<xmin>374</xmin>
			<ymin>143</ymin>
			<xmax>98</xmax>
			<ymax>273</ymax>
		</bndbox>
	</object>
</annotation>