<?xml version='1.0' encoding='utf8'?>
<annotation>
	<folder>star</folder>
	<filename>hearing-zebra-78.jpg</filename>
	<path>E:\Download\windows_v1.8.1\star\hearing-zebra-78.jpg</path>
	<source>
		<database>Unknown</database>
	</source>
	<size>
		<width>500</width>
		<height>333</height>
		<depth>3</depth>
	</size>
	<segmented>0</segmented>
	<object>
		<name>zebra</name>
		<pose>Unspecified</pose>
		<truncated>0</truncated>
		<difficult>0</difficult>
		<bndbox>
			<xmin>90</xmin>
			<ymin>5</ymin>
			<xmax>424</xmax>
			<ymax>268</ymax>
		</bndbox>
	</object>
	<object>
		<name>car</name>
		<difficult>0.8749964237213135</difficult>
		<bndbox>
			<xmin>123</xmin>
			<ymin>97</ymin>
			<xmax>68</xmax>
			<ymax>44</ymax>
		</bndbox>
	</object>
	<object>
		<name>car</name>
		<difficult>0.7107980847358704</difficult>
		<bndbox>
			<xmin>55</xmin>
			<ymin>103</ymin>
			<xmax>40</xmax>
			<ymax>30</ymax>
		</bndbox>
	</object>
	<object>
		<name>car</name>
		<difficult>0.6729136109352112</difficult>
		<bndbox>
			<xmin>201</xmin>
			<ymin>99</ymin>
			<xmax>44</xmax>
			<ymax>31</ymax>
		</bndbox>
	</object>
	<object>
		<name>person</name>
		<difficult>0.6632364988327026</difficult>
		<bndbox>
			<xmin>88</xmin>
			<ymin>131</ymin>
			<xmax>30</xmax>
			<ymax>76</ymax>
		</bndbox>
	</object>
	<object>
		<name>person</name>
		<difficult>0.6382267475128174</difficult>
		<bndbox>
			<xmin>251</xmin>
			<ymin>113</ymin>
			<xmax>32</xmax>
			<ymax>72</ymax>
		</bndbox>
	</object>
	<object>
		<name>car</name>
		<difficult>0.5296337604522705</difficult>
		<bndbox>
			<xmin>171</xmin>
			<ymin>96</ymin>
			<xmax>26</xmax>
			<ymax>21</ymax>
		</bndbox>
	</object>
</annotation>