<?xml version='1.0' encoding='utf8'?>
<annotation>
	<folder>lj</folder>
	<filename>ed2ccb44fb2109fd1f0cfa1a55b4d65b.jpg</filename>
	<path>E:\Download\windows_v1.8.1\lj\ed2ccb44fb2109fd1f0cfa1a55b4d65b.jpg</path>
	<source>
		<database>Unknown</database>
	</source>
	<size>
		<width>700</width>
		<height>494</height>
		<depth>3</depth>
	</size>
	<segmented>0</segmented>
	<object>
		<name>zebra</name>
		<pose>Unspecified</pose>
		<truncated>0</truncated>
		<difficult>0</difficult>
		<bndbox>
			<xmin>89</xmin>
			<ymin>64</ymin>
			<xmax>699</xmax>
			<ymax>463</ymax>
		</bndbox>
	</object>
</annotation>