<?xml version='1.0' encoding='utf8'?>
<annotation>
	<folder>zebra - 4</folder>
	<filename>traffic_light_476.jpg</filename>
	<path>E:\Download\windows_v1.8.1\zebra - 4\traffic_light_476.jpg</path>
	<source>
		<database>Unknown</database>
	</source>
	<size>
		<width>1920</width>
		<height>1080</height>
		<depth>3</depth>
	</size>
	<segmented>0</segmented>
	<object>
		<name>zebra</name>
		<pose>Unspecified</pose>
		<truncated>0</truncated>
		<difficult>0</difficult>
		<bndbox>
			<xmin>9</xmin>
			<ymin>864</ymin>
			<xmax>608</xmax>
			<ymax>1053</ymax>
		</bndbox>
	</object>
	<object>
		<name>zebra</name>
		<pose>Unspecified</pose>
		<truncated>0</truncated>
		<difficult>0</difficult>
		<bndbox>
			<xmin>743</xmin>
			<ymin>791</ymin>
			<xmax>1919</xmax>
			<ymax>1078</ymax>
		</bndbox>
	</object>
	<object>
		<name>zebra</name>
		<pose>Unspecified</pose>
		<truncated>1</truncated>
		<difficult>0</difficult>
		<bndbox>
			<xmin>1423</xmin>
			<ymin>657</ymin>
			<xmax>1920</xmax>
			<ymax>795</ymax>
		</bndbox>
	</object>
	<object>
		<name>zebra</name>
		<pose>Unspecified</pose>
		<truncated>0</truncated>
		<difficult>0</difficult>
		<bndbox>
			<xmin>531</xmin>
			<ymin>742</ymin>
			<xmax>1142</xmax>
			<ymax>885</ymax>
		</bndbox>
	</object>
	<object>
		<name>car</name>
		<difficult>0.6062726974487305</difficult>
		<bndbox>
			<xmin>361</xmin>
			<ymin>103</ymin>
			<xmax>50</xmax>
			<ymax>34</ymax>
		</bndbox>
	</object>
	<object>
		<name>car</name>
		<difficult>0.5818606019020081</difficult>
		<bndbox>
			<xmin>212</xmin>
			<ymin>104</ymin>
			<xmax>39</xmax>
			<ymax>25</ymax>
		</bndbox>
	</object>
</annotation>