<?xml version='1.0' encoding='utf8'?>
<annotation>
	<folder>zebra - 2</folder>
	<filename>137_斑马线 (2).jpg</filename>
	<path>F:\work\dian\打标\doing\zebra - 2\137_斑马线 (2).jpg</path>
	<source>
		<database>Unknown</database>
	</source>
	<size>
		<width>1200</width>
		<height>797</height>
		<depth>3</depth>
	</size>
	<segmented>0</segmented>
	<object>
		<name>zebra</name>
		<pose>Unspecified</pose>
		<truncated>1</truncated>
		<difficult>0</difficult>
		<bndbox>
			<xmin>2</xmin>
			<ymin>377</ymin>
			<xmax>1200</xmax>
			<ymax>752</ymax>
		</bndbox>
	</object>
	<object>
		<name>person</name>
		<difficult>0.7979309558868408</difficult>
		<bndbox>
			<xmin>315</xmin>
			<ymin>146</ymin>
			<xmax>98</xmax>
			<ymax>276</ymax>
		</bndbox>
	</object>
	<object>
		<name>car</name>
		<difficult>0.7689535617828369</difficult>
		<bndbox>
			<xmin>413</xmin>
			<ymin>68</ymin>
			<xmax>117</xmax>
			<ymax>56</ymax>
		</bndbox>
	</object>
	<object>
		<name>car</name>
		<difficult>0.6918014287948608</difficult>
		<bndbox>
			<xmin>616</xmin>
			<ymin>60</ymin>
			<xmax>66</xmax>
			<ymax>49</ymax>
		</bndbox>
	</object>
</annotation>