<?xml version='1.0' encoding='utf8'?>
<annotation>
	<folder>zebra - 1</folder>
	<filename>59_斑马线 (2).jpg</filename>
	<path>F:\work\dian\打标\doing\zebra - 1\59_斑马线 (2).jpg</path>
	<source>
		<database>Unknown</database>
	</source>
	<size>
		<width>400</width>
		<height>280</height>
		<depth>3</depth>
	</size>
	<segmented>0</segmented>
	<object>
		<name>zebra</name>
		<pose>Unspecified</pose>
		<truncated>1</truncated>
		<difficult>0</difficult>
		<bndbox>
			<xmin>55</xmin>
			<ymin>150</ymin>
			<xmax>400</xmax>
			<ymax>278</ymax>
		</bndbox>
	</object>
	<object>
		<name>person</name>
		<difficult>0.7369720339775085</difficult>
		<bndbox>
			<xmin>190</xmin>
			<ymin>78</ymin>
			<xmax>28</xmax>
			<ymax>81</ymax>
		</bndbox>
	</object>
	<object>
		<name>person</name>
		<difficult>0.7341498136520386</difficult>
		<bndbox>
			<xmin>129</xmin>
			<ymin>124</ymin>
			<xmax>66</xmax>
			<ymax>137</ymax>
		</bndbox>
	</object>
	<object>
		<name>person</name>
		<difficult>0.6718961596488953</difficult>
		<bndbox>
			<xmin>86</xmin>
			<ymin>101</ymin>
			<xmax>38</xmax>
			<ymax>94</ymax>
		</bndbox>
	</object>
	<object>
		<name>person</name>
		<difficult>0.6288159489631653</difficult>
		<bndbox>
			<xmin>54</xmin>
			<ymin>101</ymin>
			<xmax>32</xmax>
			<ymax>79</ymax>
		</bndbox>
	</object>
	<object>
		<name>car</name>
		<difficult>0.5599270462989807</difficult>
		<bndbox>
			<xmin>7</xmin>
			<ymin>73</ymin>
			<xmax>29</xmax>
			<ymax>41</ymax>
		</bndbox>
	</object>
</annotation>