<?xml version='1.0' encoding='utf8'?>
<annotation>
	<folder>zebra - 2</folder>
	<filename>IMG_20181127_143858.jpg</filename>
	<path>F:\work\dian\打标\doing\zebra - 2\IMG_20181127_143858.jpg</path>
	<source>
		<database>Unknown</database>
	</source>
	<size>
		<width>3456</width>
		<height>4608</height>
		<depth>3</depth>
	</size>
	<segmented>0</segmented>
	<object>
		<name>zebra</name>
		<pose>Unspecified</pose>
		<truncated>0</truncated>
		<difficult>0</difficult>
		<bndbox>
			<xmin>8</xmin>
			<ymin>1076</ymin>
			<xmax>2613</xmax>
			<ymax>3720</ymax>
		</bndbox>
	</object>
	<object>
		<name>person</name>
		<difficult>0.7471053004264832</difficult>
		<bndbox>
			<xmin>333</xmin>
			<ymin>114</ymin>
			<xmax>53</xmax>
			<ymax>185</ymax>
		</bndbox>
	</object>
	<object>
		<name>person</name>
		<difficult>0.6585673689842224</difficult>
		<bndbox>
			<xmin>89</xmin>
			<ymin>111</ymin>
			<xmax>37</xmax>
			<ymax>123</ymax>
		</bndbox>
	</object>
	<object>
		<name>person</name>
		<difficult>0.6585442423820496</difficult>
		<bndbox>
			<xmin>260</xmin>
			<ymin>119</ymin>
			<xmax>52</xmax>
			<ymax>137</ymax>
		</bndbox>
	</object>
	<object>
		<name>car</name>
		<difficult>0.501545250415802</difficult>
		<bndbox>
			<xmin>45</xmin>
			<ymin>106</ymin>
			<xmax>91</xmax>
			<ymax>97</ymax>
		</bndbox>
	</object>
</annotation>