<?xml version='1.0' encoding='utf8'?>
<annotation>
	<folder>star</folder>
	<filename>hearing-zebra-46.jpg</filename>
	<path>E:\Download\windows_v1.8.1\star\hearing-zebra-46.jpg</path>
	<source>
		<database>Unknown</database>
	</source>
	<size>
		<width>500</width>
		<height>307</height>
		<depth>3</depth>
	</size>
	<segmented>0</segmented>
	<object>
		<name>zebra</name>
		<pose>Unspecified</pose>
		<truncated>0</truncated>
		<difficult>0</difficult>
		<bndbox>
			<xmin>119</xmin>
			<ymin>220</ymin>
			<xmax>279</xmax>
			<ymax>261</ymax>
		</bndbox>
	</object>
	<object>
		<name>motorbike</name>
		<difficult>0.6819789409637451</difficult>
		<bndbox>
			<xmin>718</xmin>
			<ymin>251</ymin>
			<xmax>267</xmax>
			<ymax>209</ymax>
		</bndbox>
	</object>
	<object>
		<name>person</name>
		<difficult>0.6809212565422058</difficult>
		<bndbox>
			<xmin>487</xmin>
			<ymin>128</ymin>
			<xmax>89</xmax>
			<ymax>197</ymax>
		</bndbox>
	</object>
	<object>
		<name>car</name>
		<difficult>0.584547758102417</difficult>
		<bndbox>
			<xmin>215</xmin>
			<ymin>147</ymin>
			<xmax>111</xmax>
			<ymax>81</ymax>
		</bndbox>
	</object>
	<object>
		<name>person</name>
		<difficult>0.5711108446121216</difficult>
		<bndbox>
			<xmin>783</xmin>
			<ymin>163</ymin>
			<xmax>159</xmax>
			<ymax>323</ymax>
		</bndbox>
	</object>
	<object>
		<name>bicycle</name>
		<difficult>0.5163783431053162</difficult>
		<bndbox>
			<xmin>486</xmin>
			<ymin>167</ymin>
			<xmax>178</xmax>
			<ymax>203</ymax>
		</bndbox>
	</object>
</annotation>