<?xml version='1.0' encoding='utf8'?>
<annotation>
	<folder>zebra - 3</folder>
	<filename>IMG_20181127_151730.jpg</filename>
	<path>E:\迅雷下载\zebra - 3\zebra - 3\IMG_20181127_151730.jpg</path>
	<source>
		<database>Unknown</database>
	</source>
	<size>
		<width>3456</width>
		<height>4608</height>
		<depth>3</depth>
	</size>
	<segmented>0</segmented>
	<object>
		<name>stairs</name>
		<pose>Unspecified</pose>
		<truncated>1</truncated>
		<difficult>0</difficult>
		<bndbox>
			<xmin>18</xmin>
			<ymin>1344</ymin>
			<xmax>3456</xmax>
			<ymax>3980</ymax>
		</bndbox>
	</object>
	<object>
		<name>car</name>
		<difficult>0.8409696221351624</difficult>
		<bndbox>
			<xmin>214</xmin>
			<ymin>104</ymin>
			<xmax>326</xmax>
			<ymax>132</ymax>
		</bndbox>
	</object>
</annotation>