<?xml version='1.0' encoding='utf8'?>
<annotation>
	<folder>zebra - 6</folder>
	<filename>VID_20181205_124659 181.jpg</filename>
	<path>E:\Download\windows_v1.8.1\zebra - 6\VID_20181205_124659 181.jpg</path>
	<source>
		<database>Unknown</database>
	</source>
	<size>
		<width>1280</width>
		<height>720</height>
		<depth>3</depth>
	</size>
	<segmented>0</segmented>
	<object>
		<name>zebra</name>
		<pose>Unspecified</pose>
		<truncated>0</truncated>
		<difficult>0</difficult>
		<bndbox>
			<xmin>164</xmin>
			<ymin>129</ymin>
			<xmax>775</xmax>
			<ymax>265</ymax>
		</bndbox>
	</object>
	<object>
		<name>person</name>
		<difficult>0.7730992436408997</difficult>
		<bndbox>
			<xmin>120</xmin>
			<ymin>118</ymin>
			<xmax>43</xmax>
			<ymax>121</ymax>
		</bndbox>
	</object>
	<object>
		<name>person</name>
		<difficult>0.7454913258552551</difficult>
		<bndbox>
			<xmin>185</xmin>
			<ymin>115</ymin>
			<xmax>41</xmax>
			<ymax>125</ymax>
		</bndbox>
	</object>
	<object>
		<name>person</name>
		<difficult>0.7173388600349426</difficult>
		<bndbox>
			<xmin>236</xmin>
			<ymin>110</ymin>
			<xmax>36</xmax>
			<ymax>95</ymax>
		</bndbox>
	</object>
	<object>
		<name>person</name>
		<difficult>0.6769517660140991</difficult>
		<bndbox>
			<xmin>291</xmin>
			<ymin>114</ymin>
			<xmax>38</xmax>
			<ymax>93</ymax>
		</bndbox>
	</object>
	<object>
		<name>person</name>
		<difficult>0.5735310316085815</difficult>
		<bndbox>
			<xmin>335</xmin>
			<ymin>100</ymin>
			<xmax>30</xmax>
			<ymax>72</ymax>
		</bndbox>
	</object>
	<object>
		<name>car</name>
		<difficult>0.536487877368927</difficult>
		<bndbox>
			<xmin>480</xmin>
			<ymin>93</ymin>
			<xmax>42</xmax>
			<ymax>46</ymax>
		</bndbox>
	</object>
</annotation>