<?xml version='1.0' encoding='utf8'?>
<annotation>
	<folder>zebra - 8</folder>
	<filename>VID_20181207_191620080.jpg</filename>
	<path>E:\迅雷下载\zebra - 8\zebra - 8\VID_20181207_191620080.jpg</path>
	<source>
		<database>Unknown</database>
	</source>
	<size>
		<width>1920</width>
		<height>1080</height>
		<depth>3</depth>
	</size>
	<segmented>0</segmented>
	<object>
		<name>traffic light</name>
		<pose>Unspecified</pose>
		<truncated>0</truncated>
		<difficult>0</difficult>
		<bndbox>
			<xmin>645</xmin>
			<ymin>581</ymin>
			<xmax>738</xmax>
			<ymax>680</ymax>
		</bndbox>
	</object>
	<object>
		<name>zebra</name>
		<pose>Unspecified</pose>
		<truncated>1</truncated>
		<difficult>0</difficult>
		<bndbox>
			<xmin>802</xmin>
			<ymin>786</ymin>
			<xmax>1920</xmax>
			<ymax>902</ymax>
		</bndbox>
	</object>
	<object>
		<name>person</name>
		<difficult>0.7240996360778809</difficult>
		<bndbox>
			<xmin>490</xmin>
			<ymin>219</ymin>
			<xmax>137</xmax>
			<ymax>389</ymax>
		</bndbox>
	</object>
	<object>
		<name>person</name>
		<difficult>0.6257300972938538</difficult>
		<bndbox>
			<xmin>116</xmin>
			<ymin>221</ymin>
			<xmax>112</xmax>
			<ymax>334</ymax>
		</bndbox>
	</object>
</annotation>