<?xml version='1.0' encoding='utf8'?>
<annotation>
	<folder>zebra - 7</folder>
	<filename>VID_20181207_191027012.jpg</filename>
	<path>E:\迅雷下载\zebra - 7\zebra - 7\VID_20181207_191027012.jpg</path>
	<source>
		<database>Unknown</database>
	</source>
	<size>
		<width>1920</width>
		<height>1080</height>
		<depth>3</depth>
	</size>
	<segmented>0</segmented>
	<object>
		<name>traffic light</name>
		<pose>Unspecified</pose>
		<truncated>0</truncated>
		<difficult>0</difficult>
		<bndbox>
			<xmin>407</xmin>
			<ymin>324</ymin>
			<xmax>478</xmax>
			<ymax>502</ymax>
		</bndbox>
	</object>
	<object>
		<name>traffic light</name>
		<pose>Unspecified</pose>
		<truncated>0</truncated>
		<difficult>0</difficult>
		<bndbox>
			<xmin>1456</xmin>
			<ymin>16</ymin>
			<xmax>1859</xmax>
			<ymax>197</ymax>
		</bndbox>
	</object>
	<object>
		<name>zebra</name>
		<pose>Unspecified</pose>
		<truncated>0</truncated>
		<difficult>0</difficult>
		<bndbox>
			<xmin>1427</xmin>
			<ymin>567</ymin>
			<xmax>1699</xmax>
			<ymax>705</ymax>
		</bndbox>
	</object>
	<object>
		<name>zebra</name>
		<pose>Unspecified</pose>
		<truncated>0</truncated>
		<difficult>0</difficult>
		<bndbox>
			<xmin>772</xmin>
			<ymin>602</ymin>
			<xmax>1043</xmax>
			<ymax>673</ymax>
		</bndbox>
	</object>
	<object>
		<name>person</name>
		<difficult>0.6873253583908081</difficult>
		<bndbox>
			<xmin>500</xmin>
			<ymin>186</ymin>
			<xmax>31</xmax>
			<ymax>71</ymax>
		</bndbox>
	</object>
	<object>
		<name>car</name>
		<difficult>0.607781171798706</difficult>
		<bndbox>
			<xmin>252</xmin>
			<ymin>82</ymin>
			<xmax>67</xmax>
			<ymax>36</ymax>
		</bndbox>
	</object>
	<object>
		<name>car</name>
		<difficult>0.5802808403968811</difficult>
		<bndbox>
			<xmin>581</xmin>
			<ymin>85</ymin>
			<xmax>78</xmax>
			<ymax>51</ymax>
		</bndbox>
	</object>
	<object>
		<name>person</name>
		<difficult>0.5586637258529663</difficult>
		<bndbox>
			<xmin>427</xmin>
			<ymin>123</ymin>
			<xmax>21</xmax>
			<ymax>46</ymax>
		</bndbox>
	</object>
	<object>
		<name>car</name>
		<difficult>0.5009782910346985</difficult>
		<bndbox>
			<xmin>67</xmin>
			<ymin>92</ymin>
			<xmax>62</xmax>
			<ymax>56</ymax>
		</bndbox>
	</object>
</annotation>