<?xml version='1.0' encoding='utf8'?>
<annotation>
	<folder>zebra - 3</folder>
	<filename>IMG_20181127_151724.jpg</filename>
	<path>E:\迅雷下载\zebra - 3\zebra - 3\IMG_20181127_151724.jpg</path>
	<source>
		<database>Unknown</database>
	</source>
	<size>
		<width>3456</width>
		<height>4608</height>
		<depth>3</depth>
	</size>
	<segmented>0</segmented>
	<object>
		<name>stairs</name>
		<pose>Unspecified</pose>
		<truncated>1</truncated>
		<difficult>0</difficult>
		<bndbox>
			<xmin>18</xmin>
			<ymin>829</ymin>
			<xmax>3456</xmax>
			<ymax>4599</ymax>
		</bndbox>
	</object>
	<object>
		<name>person</name>
		<difficult>0.7305180430412292</difficult>
		<bndbox>
			<xmin>243</xmin>
			<ymin>123</ymin>
			<xmax>39</xmax>
			<ymax>82</ymax>
		</bndbox>
	</object>
</annotation>