<?xml version='1.0' encoding='utf8'?>
<annotation>
	<folder>zebra - 8</folder>
	<filename>VID_20181209_214727081.jpg</filename>
	<path>E:\迅雷下载\zebra - 8\zebra - 8\VID_20181209_214727081.jpg</path>
	<source>
		<database>Unknown</database>
	</source>
	<size>
		<width>1920</width>
		<height>1080</height>
		<depth>3</depth>
	</size>
	<segmented>0</segmented>
	<object>
		<name>zebra</name>
		<pose>Unspecified</pose>
		<truncated>0</truncated>
		<difficult>0</difficult>
		<bndbox>
			<xmin>21</xmin>
			<ymin>107</ymin>
			<xmax>1580</xmax>
			<ymax>870</ymax>
		</bndbox>
	</object>
	<object>
		<name>person</name>
		<difficult>0.7280649542808533</difficult>
		<bndbox>
			<xmin>894</xmin>
			<ymin>154</ymin>
			<xmax>241</xmax>
			<ymax>305</ymax>
		</bndbox>
	</object>
	<object>
		<name>person</name>
		<difficult>0.6958655714988708</difficult>
		<bndbox>
			<xmin>115</xmin>
			<ymin>148</ymin>
			<xmax>123</xmax>
			<ymax>286</ymax>
		</bndbox>
	</object>
	<object>
		<name>person</name>
		<difficult>0.6926078796386719</difficult>
		<bndbox>
			<xmin>1086</xmin>
			<ymin>301</ymin>
			<xmax>231</xmax>
			<ymax>609</ymax>
		</bndbox>
	</object>
	<object>
		<name>person</name>
		<difficult>0.6891524791717529</difficult>
		<bndbox>
			<xmin>621</xmin>
			<ymin>152</ymin>
			<xmax>178</xmax>
			<ymax>296</ymax>
		</bndbox>
	</object>
	<object>
		<name>person</name>
		<difficult>0.6538580060005188</difficult>
		<bndbox>
			<xmin>260</xmin>
			<ymin>145</ymin>
			<xmax>118</xmax>
			<ymax>326</ymax>
		</bndbox>
	</object>
	<object>
		<name>person</name>
		<difficult>0.5151671767234802</difficult>
		<bndbox>
			<xmin>417</xmin>
			<ymin>101</ymin>
			<xmax>91</xmax>
			<ymax>164</ymax>
		</bndbox>
	</object>
</annotation>