<?xml version='1.0' encoding='utf8'?>
<annotation>
	<folder>star</folder>
	<filename>hearing-zebra-87.jpg</filename>
	<path>E:\Download\windows_v1.8.1\star\hearing-zebra-87.jpg</path>
	<source>
		<database>Unknown</database>
	</source>
	<size>
		<width>500</width>
		<height>348</height>
		<depth>3</depth>
	</size>
	<segmented>0</segmented>
	<object>
		<name>zebra</name>
		<pose>Unspecified</pose>
		<truncated>1</truncated>
		<difficult>0</difficult>
		<bndbox>
			<xmin>66</xmin>
			<ymin>1</ymin>
			<xmax>500</xmax>
			<ymax>339</ymax>
		</bndbox>
	</object>
</annotation>