<?xml version='1.0' encoding='utf8'?>
<annotation>
	<folder>zebra - 6</folder>
	<filename>VID_20181205_124659 187.jpg</filename>
	<path>E:\Download\windows_v1.8.1\zebra - 6\VID_20181205_124659 187.jpg</path>
	<source>
		<database>Unknown</database>
	</source>
	<size>
		<width>1280</width>
		<height>720</height>
		<depth>3</depth>
	</size>
	<segmented>0</segmented>
	<object>
		<name>zebra</name>
		<pose>Unspecified</pose>
		<truncated>0</truncated>
		<difficult>0</difficult>
		<bndbox>
			<xmin>19</xmin>
			<ymin>153</ymin>
			<xmax>732</xmax>
			<ymax>267</ymax>
		</bndbox>
	</object>
	<object>
		<name>car</name>
		<difficult>0.819896936416626</difficult>
		<bndbox>
			<xmin>553</xmin>
			<ymin>177</ymin>
			<xmax>177</xmax>
			<ymax>67</ymax>
		</bndbox>
	</object>
	<object>
		<name>car</name>
		<difficult>0.7701078057289124</difficult>
		<bndbox>
			<xmin>282</xmin>
			<ymin>173</ymin>
			<xmax>136</xmax>
			<ymax>44</ymax>
		</bndbox>
	</object>
</annotation>