<?xml version='1.0' encoding='utf8'?>
<annotation>
	<folder>zebra - 5</folder>
	<filename>VID_20181205_124358 003.jpg</filename>
	<path>E:\Download\windows_v1.8.1\zebra - 5\VID_20181205_124358 003.jpg</path>
	<source>
		<database>Unknown</database>
	</source>
	<size>
		<width>1280</width>
		<height>720</height>
		<depth>3</depth>
	</size>
	<segmented>0</segmented>
	<object>
		<name>zebra</name>
		<pose>Unspecified</pose>
		<truncated>0</truncated>
		<difficult>0</difficult>
		<bndbox>
			<xmin>165</xmin>
			<ymin>283</ymin>
			<xmax>1258</xmax>
			<ymax>524</ymax>
		</bndbox>
	</object>
	<object>
		<name>car</name>
		<difficult>0.7749841809272766</difficult>
		<bndbox>
			<xmin>132</xmin>
			<ymin>134</ymin>
			<xmax>71</xmax>
			<ymax>45</ymax>
		</bndbox>
	</object>
	<object>
		<name>bicycle</name>
		<difficult>0.7022912502288818</difficult>
		<bndbox>
			<xmin>66</xmin>
			<ymin>214</ymin>
			<xmax>119</xmax>
			<ymax>85</ymax>
		</bndbox>
	</object>
	<object>
		<name>person</name>
		<difficult>0.6802058219909668</difficult>
		<bndbox>
			<xmin>51</xmin>
			<ymin>166</ymin>
			<xmax>93</xmax>
			<ymax>140</ymax>
		</bndbox>
	</object>
	<object>
		<name>car</name>
		<difficult>0.6672142148017883</difficult>
		<bndbox>
			<xmin>378</xmin>
			<ymin>136</ymin>
			<xmax>48</xmax>
			<ymax>32</ymax>
		</bndbox>
	</object>
	<object>
		<name>car</name>
		<difficult>0.6552367806434631</difficult>
		<bndbox>
			<xmin>268</xmin>
			<ymin>133</ymin>
			<xmax>88</xmax>
			<ymax>27</ymax>
		</bndbox>
	</object>
	<object>
		<name>car</name>
		<difficult>0.6029482483863831</difficult>
		<bndbox>
			<xmin>352</xmin>
			<ymin>135</ymin>
			<xmax>53</xmax>
			<ymax>27</ymax>
		</bndbox>
	</object>
	<object>
		<name>car</name>
		<difficult>0.5688616633415222</difficult>
		<bndbox>
			<xmin>327</xmin>
			<ymin>133</ymin>
			<xmax>59</xmax>
			<ymax>24</ymax>
		</bndbox>
	</object>
</annotation>