<?xml version='1.0' encoding='utf8'?>
<annotation>
	<folder>zebra - 3</folder>
	<filename>traffic_light_102.jpg</filename>
	<path>E:\迅雷下载\zebra - 3\zebra - 3\traffic_light_102.jpg</path>
	<source>
		<database>Unknown</database>
	</source>
	<size>
		<width>1920</width>
		<height>1080</height>
		<depth>3</depth>
	</size>
	<segmented>0</segmented>
	<object>
		<name>stairs</name>
		<pose>Unspecified</pose>
		<truncated>0</truncated>
		<difficult>0</difficult>
		<bndbox>
			<xmin>948</xmin>
			<ymin>538</ymin>
			<xmax>1515</xmax>
			<ymax>589</ymax>
		</bndbox>
	</object>
	<object>
		<name>stairs</name>
		<pose>Unspecified</pose>
		<truncated>1</truncated>
		<difficult>0</difficult>
		<bndbox>
			<xmin>1600</xmin>
			<ymin>505</ymin>
			<xmax>1920</xmax>
			<ymax>554</ymax>
		</bndbox>
	</object>
	<object>
		<name>stairs</name>
		<pose>Unspecified</pose>
		<truncated>1</truncated>
		<difficult>0</difficult>
		<bndbox>
			<xmin>830</xmin>
			<ymin>584</ymin>
			<xmax>1920</xmax>
			<ymax>764</ymax>
		</bndbox>
	</object>
	<object>
		<name>person</name>
		<difficult>0.6601884365081787</difficult>
		<bndbox>
			<xmin>359</xmin>
			<ymin>62</ymin>
			<xmax>40</xmax>
			<ymax>101</ymax>
		</bndbox>
	</object>
</annotation>