<?xml version='1.0' encoding='utf8'?>
<annotation>
	<folder>zebra - 3</folder>
	<filename>IMG_20181127_150827.jpg</filename>
	<path>E:\迅雷下载\zebra - 3\zebra - 3\IMG_20181127_150827.jpg</path>
	<source>
		<database>Unknown</database>
	</source>
	<size>
		<width>3456</width>
		<height>4608</height>
		<depth>3</depth>
	</size>
	<segmented>0</segmented>
	<object>
		<name>stairs</name>
		<pose>Unspecified</pose>
		<truncated>1</truncated>
		<difficult>0</difficult>
		<bndbox>
			<xmin>928</xmin>
			<ymin>1514</ymin>
			<xmax>3456</xmax>
			<ymax>2540</ymax>
		</bndbox>
	</object>
	<object>
		<name>person</name>
		<difficult>0.8200076818466187</difficult>
		<bndbox>
			<xmin>282</xmin>
			<ymin>230</ymin>
			<xmax>37</xmax>
			<ymax>112</ymax>
		</bndbox>
	</object>
	<object>
		<name>person</name>
		<difficult>0.6865349411964417</difficult>
		<bndbox>
			<xmin>333</xmin>
			<ymin>223</ymin>
			<xmax>30</xmax>
			<ymax>103</ymax>
		</bndbox>
	</object>
</annotation>