<?xml version='1.0' encoding='utf8'?>
<annotation>
	<folder>zebra - 4</folder>
	<filename>VID_20181129_113118009.jpg</filename>
	<path>E:\Download\windows_v1.8.1\zebra - 4\VID_20181129_113118009.jpg</path>
	<source>
		<database>Unknown</database>
	</source>
	<size>
		<width>1080</width>
		<height>1920</height>
		<depth>3</depth>
	</size>
	<segmented>0</segmented>
	<object>
		<name>zebra</name>
		<pose>Unspecified</pose>
		<truncated>1</truncated>
		<difficult>0</difficult>
		<bndbox>
			<xmin>1</xmin>
			<ymin>969</ymin>
			<xmax>1073</xmax>
			<ymax>1908</ymax>
		</bndbox>
	</object>
	<object>
		<name>car</name>
		<difficult>0.705457329750061</difficult>
		<bndbox>
			<xmin>184</xmin>
			<ymin>115</ymin>
			<xmax>66</xmax>
			<ymax>63</ymax>
		</bndbox>
	</object>
	<object>
		<name>car</name>
		<difficult>0.675868570804596</difficult>
		<bndbox>
			<xmin>60</xmin>
			<ymin>117</ymin>
			<xmax>64</xmax>
			<ymax>43</ymax>
		</bndbox>
	</object>
</annotation>