<?xml version='1.0' encoding='utf8'?>
<annotation>
	<folder>zebra - 3</folder>
	<filename>IMG_20181127_150836.jpg</filename>
	<path>E:\迅雷下载\zebra - 3\zebra - 3\IMG_20181127_150836.jpg</path>
	<source>
		<database>Unknown</database>
	</source>
	<size>
		<width>3456</width>
		<height>4608</height>
		<depth>3</depth>
	</size>
	<segmented>0</segmented>
	<object>
		<name>stairs</name>
		<pose>Unspecified</pose>
		<truncated>0</truncated>
		<difficult>0</difficult>
		<bndbox>
			<xmin>283</xmin>
			<ymin>1484</ymin>
			<xmax>3383</xmax>
			<ymax>2474</ymax>
		</bndbox>
	</object>
	<object>
		<name>stairs</name>
		<pose>Unspecified</pose>
		<truncated>1</truncated>
		<difficult>0</difficult>
		<bndbox>
			<xmin>3013</xmin>
			<ymin>2429</ymin>
			<xmax>3456</xmax>
			<ymax>3136</ymax>
		</bndbox>
	</object>
	<object>
		<name>stairs</name>
		<pose>Unspecified</pose>
		<truncated>1</truncated>
		<difficult>0</difficult>
		<bndbox>
			<xmin>2773</xmin>
			<ymin>1704</ymin>
			<xmax>3456</xmax>
			<ymax>2038</ymax>
		</bndbox>
	</object>
	<object>
		<name>person</name>
		<difficult>0.816515326499939</difficult>
		<bndbox>
			<xmin>296</xmin>
			<ymin>95</ymin>
			<xmax>61</xmax>
			<ymax>161</ymax>
		</bndbox>
	</object>
	<object>
		<name>person</name>
		<difficult>0.7759501338005066</difficult>
		<bndbox>
			<xmin>236</xmin>
			<ymin>98</ymin>
			<xmax>61</xmax>
			<ymax>154</ymax>
		</bndbox>
	</object>
	<object>
		<name>car</name>
		<difficult>0.7411442399024963</difficult>
		<bndbox>
			<xmin>472</xmin>
			<ymin>27</ymin>
			<xmax>61</xmax>
			<ymax>40</ymax>
		</bndbox>
	</object>
</annotation>