<?xml version='1.0' encoding='utf8'?>
<annotation>
	<folder>zebra - 4</folder>
	<filename>VID_20181129_174445026.jpg</filename>
	<path>E:\Download\windows_v1.8.1\zebra - 4\VID_20181129_174445026.jpg</path>
	<source>
		<database>Unknown</database>
	</source>
	<size>
		<width>1080</width>
		<height>1920</height>
		<depth>3</depth>
	</size>
	<segmented>0</segmented>
	<object>
		<name>zebra</name>
		<pose>Unspecified</pose>
		<truncated>1</truncated>
		<difficult>0</difficult>
		<bndbox>
			<xmin>19</xmin>
			<ymin>696</ymin>
			<xmax>1080</xmax>
			<ymax>1248</ymax>
		</bndbox>
	</object>
	<object>
		<name>person</name>
		<difficult>0.8646376132965088</difficult>
		<bndbox>
			<xmin>532</xmin>
			<ymin>275</ymin>
			<xmax>450</xmax>
			<ymax>561</ymax>
		</bndbox>
	</object>
	<object>
		<name>person</name>
		<difficult>0.6337314248085022</difficult>
		<bndbox>
			<xmin>139</xmin>
			<ymin>318</ymin>
			<xmax>179</xmax>
			<ymax>416</ymax>
		</bndbox>
	</object>
</annotation>