<?xml version='1.0' encoding='utf8'?>
<annotation>
	<folder>zebra - 6</folder>
	<filename>VID_20181205_124659 193.jpg</filename>
	<path>E:\Download\windows_v1.8.1\zebra - 6\VID_20181205_124659 193.jpg</path>
	<source>
		<database>Unknown</database>
	</source>
	<size>
		<width>1280</width>
		<height>720</height>
		<depth>3</depth>
	</size>
	<segmented>0</segmented>
	<object>
		<name>zebra</name>
		<pose>Unspecified</pose>
		<truncated>0</truncated>
		<difficult>0</difficult>
		<bndbox>
			<xmin>24</xmin>
			<ymin>133</ymin>
			<xmax>876</xmax>
			<ymax>341</ymax>
		</bndbox>
	</object>
	<object>
		<name>person</name>
		<difficult>0.7001860737800598</difficult>
		<bndbox>
			<xmin>561</xmin>
			<ymin>123</ymin>
			<xmax>51</xmax>
			<ymax>199</ymax>
		</bndbox>
	</object>
	<object>
		<name>person</name>
		<difficult>0.6659306883811951</difficult>
		<bndbox>
			<xmin>526</xmin>
			<ymin>124</ymin>
			<xmax>52</xmax>
			<ymax>168</ymax>
		</bndbox>
	</object>
</annotation>