<?xml version='1.0' encoding='utf8'?>
<annotation>
	<folder>zebra - 5</folder>
	<filename>VID_20181205_124358 038.jpg</filename>
	<path>E:\Download\windows_v1.8.1\zebra - 5\VID_20181205_124358 038.jpg</path>
	<source>
		<database>Unknown</database>
	</source>
	<size>
		<width>1280</width>
		<height>720</height>
		<depth>3</depth>
	</size>
	<segmented>0</segmented>
	<object>
		<name>zebra</name>
		<pose>Unspecified</pose>
		<truncated>0</truncated>
		<difficult>0</difficult>
		<bndbox>
			<xmin>152</xmin>
			<ymin>209</ymin>
			<xmax>1254</xmax>
			<ymax>656</ymax>
		</bndbox>
	</object>
	<object>
		<name>bus</name>
		<difficult>0.6697666645050049</difficult>
		<bndbox>
			<xmin>89</xmin>
			<ymin>139</ymin>
			<xmax>171</xmax>
			<ymax>88</ymax>
		</bndbox>
	</object>
	<object>
		<name>person</name>
		<difficult>0.6595969200134277</difficult>
		<bndbox>
			<xmin>389</xmin>
			<ymin>155</ymin>
			<xmax>35</xmax>
			<ymax>80</ymax>
		</bndbox>
	</object>
	<object>
		<name>car</name>
		<difficult>0.6443089842796326</difficult>
		<bndbox>
			<xmin>633</xmin>
			<ymin>154</ymin>
			<xmax>125</xmax>
			<ymax>53</ymax>
		</bndbox>
	</object>
</annotation>