<?xml version='1.0' encoding='utf8'?>
<annotation>
	<folder>zebra - 1</folder>
	<filename>62_斑马线 (2).jpg</filename>
	<path>F:\work\dian\打标\doing\zebra - 1\62_斑马线 (2).jpg</path>
	<source>
		<database>Unknown</database>
	</source>
	<size>
		<width>498</width>
		<height>283</height>
		<depth>3</depth>
	</size>
	<segmented>0</segmented>
	<object>
		<name>zebra</name>
		<pose>Unspecified</pose>
		<truncated>1</truncated>
		<difficult>0</difficult>
		<bndbox>
			<xmin>6</xmin>
			<ymin>96</ymin>
			<xmax>439</xmax>
			<ymax>283</ymax>
		</bndbox>
	</object>
	<object>
		<name>traffic light</name>
		<pose>Unspecified</pose>
		<truncated>0</truncated>
		<difficult>0</difficult>
		<bndbox>
			<xmin>451</xmin>
			<ymin>4</ymin>
			<xmax>471</xmax>
			<ymax>38</ymax>
		</bndbox>
	</object>
	<object>
		<name>car</name>
		<difficult>0.6244573593139648</difficult>
		<bndbox>
			<xmin>672</xmin>
			<ymin>115</ymin>
			<xmax>51</xmax>
			<ymax>42</ymax>
		</bndbox>
	</object>
</annotation>