<?xml version='1.0' encoding='utf8'?>
<annotation>
	<folder>zebra - 7</folder>
	<filename>VID_20181207_190549013.jpg</filename>
	<path>E:\迅雷下载\zebra - 7\zebra - 7\VID_20181207_190549013.jpg</path>
	<source>
		<database>Unknown</database>
	</source>
	<size>
		<width>1920</width>
		<height>1080</height>
		<depth>3</depth>
	</size>
	<segmented>0</segmented>
	<object>
		<name>zebra</name>
		<pose>Unspecified</pose>
		<truncated>0</truncated>
		<difficult>0</difficult>
		<bndbox>
			<xmin>18</xmin>
			<ymin>126</ymin>
			<xmax>1654</xmax>
			<ymax>1056</ymax>
		</bndbox>
	</object>
	<object>
		<name>person</name>
		<difficult>0.5726392269134521</difficult>
		<bndbox>
			<xmin>865</xmin>
			<ymin>289</ymin>
			<xmax>378</xmax>
			<ymax>601</ymax>
		</bndbox>
	</object>
</annotation>