<?xml version='1.0' encoding='utf8'?>
<annotation>
	<folder>zebra - 4</folder>
	<filename>VID_20181129_112616009.jpg</filename>
	<path>E:\Download\windows_v1.8.1\zebra - 4\VID_20181129_112616009.jpg</path>
	<source>
		<database>Unknown</database>
	</source>
	<size>
		<width>1080</width>
		<height>1920</height>
		<depth>3</depth>
	</size>
	<segmented>0</segmented>
	<object>
		<name>zebra</name>
		<pose>Unspecified</pose>
		<truncated>0</truncated>
		<difficult>0</difficult>
		<bndbox>
			<xmin>7</xmin>
			<ymin>404</ymin>
			<xmax>887</xmax>
			<ymax>522</ymax>
		</bndbox>
	</object>
</annotation>