<?xml version='1.0' encoding='utf8'?>
<annotation>
	<folder>zebra - 1</folder>
	<filename>46_斑马线.jpg</filename>
	<path>F:\work\dian\打标\doing\zebra - 1\46_斑马线.jpg</path>
	<source>
		<database>Unknown</database>
	</source>
	<size>
		<width>300</width>
		<height>225</height>
		<depth>1</depth>
	</size>
	<segmented>0</segmented>
	<object>
		<name>zebra</name>
		<pose>Unspecified</pose>
		<truncated>1</truncated>
		<difficult>0</difficult>
		<bndbox>
			<xmin>1</xmin>
			<ymin>130</ymin>
			<xmax>299</xmax>
			<ymax>225</ymax>
		</bndbox>
	</object>
	<object>
		<name>person</name>
		<difficult>0.712664783000946</difficult>
		<bndbox>
			<xmin>304</xmin>
			<ymin>214</ymin>
			<xmax>29</xmax>
			<ymax>55</ymax>
		</bndbox>
	</object>
	<object>
		<name>person</name>
		<difficult>0.693701982498169</difficult>
		<bndbox>
			<xmin>145</xmin>
			<ymin>196</ymin>
			<xmax>38</xmax>
			<ymax>72</ymax>
		</bndbox>
	</object>
	<object>
		<name>person</name>
		<difficult>0.5104206800460815</difficult>
		<bndbox>
			<xmin>478</xmin>
			<ymin>229</ymin>
			<xmax>30</xmax>
			<ymax>71</ymax>
		</bndbox>
	</object>
</annotation>