<?xml version='1.0' encoding='utf8'?>
<annotation>
	<folder>zebra - 3</folder>
	<filename>VID_20181217_144030004.jpg</filename>
	<path>E:\迅雷下载\zebra - 3\zebra - 3\VID_20181217_144030004.jpg</path>
	<source>
		<database>Unknown</database>
	</source>
	<size>
		<width>1920</width>
		<height>1080</height>
		<depth>3</depth>
	</size>
	<segmented>0</segmented>
	<object>
		<name>zebra</name>
		<pose>Unspecified</pose>
		<truncated>1</truncated>
		<difficult>0</difficult>
		<bndbox>
			<xmin>1</xmin>
			<ymin>446</ymin>
			<xmax>1797</xmax>
			<ymax>907</ymax>
		</bndbox>
	</object>
	<object>
		<name>zebra</name>
		<pose>Unspecified</pose>
		<truncated>1</truncated>
		<difficult>0</difficult>
		<bndbox>
			<xmin>1797</xmin>
			<ymin>451</ymin>
			<xmax>1920</xmax>
			<ymax>561</ymax>
		</bndbox>
	</object>
	<object>
		<name>zebra</name>
		<pose>Unspecified</pose>
		<truncated>0</truncated>
		<difficult>0</difficult>
		<bndbox>
			<xmin>980</xmin>
			<ymin>383</ymin>
			<xmax>1746</xmax>
			<ymax>489</ymax>
		</bndbox>
	</object>
	<object>
		<name>zebra</name>
		<pose>Unspecified</pose>
		<truncated>0</truncated>
		<difficult>0</difficult>
		<bndbox>
			<xmin>3</xmin>
			<ymin>359</ymin>
			<xmax>710</xmax>
			<ymax>449</ymax>
		</bndbox>
	</object>
	<object>
		<name>person</name>
		<difficult>0.5373480319976807</difficult>
		<bndbox>
			<xmin>459</xmin>
			<ymin>240</ymin>
			<xmax>24</xmax>
			<ymax>66</ymax>
		</bndbox>
	</object>
</annotation>