<?xml version='1.0' encoding='utf8'?>
<annotation>
	<folder>zebra - 6</folder>
	<filename>VID_20181205_124659 030.jpg</filename>
	<path>E:\Download\windows_v1.8.1\zebra - 6\VID_20181205_124659 030.jpg</path>
	<source>
		<database>Unknown</database>
	</source>
	<size>
		<width>1280</width>
		<height>720</height>
		<depth>3</depth>
	</size>
	<segmented>0</segmented>
	<object>
		<name>zebra</name>
		<pose>Unspecified</pose>
		<truncated>1</truncated>
		<difficult>0</difficult>
		<bndbox>
			<xmin>9</xmin>
			<ymin>203</ymin>
			<xmax>1238</xmax>
			<ymax>720</ymax>
		</bndbox>
	</object>
	<object>
		<name>car</name>
		<difficult>0.6899279356002808</difficult>
		<bndbox>
			<xmin>162</xmin>
			<ymin>253</ymin>
			<xmax>32</xmax>
			<ymax>24</ymax>
		</bndbox>
	</object>
	<object>
		<name>car</name>
		<difficult>0.5029582977294922</difficult>
		<bndbox>
			<xmin>202</xmin>
			<ymin>244</ymin>
			<xmax>21</xmax>
			<ymax>15</ymax>
		</bndbox>
	</object>
</annotation>