<?xml version='1.0' encoding='utf8'?>
<annotation>
	<folder>zebra - 7</folder>
	<filename>VID_20181207_190549002.jpg</filename>
	<path>E:\迅雷下载\zebra - 7\zebra - 7\VID_20181207_190549002.jpg</path>
	<source>
		<database>Unknown</database>
	</source>
	<size>
		<width>1920</width>
		<height>1080</height>
		<depth>3</depth>
	</size>
	<segmented>0</segmented>
	<object>
		<name>zebra</name>
		<pose>Unspecified</pose>
		<truncated>1</truncated>
		<difficult>0</difficult>
		<bndbox>
			<xmin>11</xmin>
			<ymin>3</ymin>
			<xmax>1920</xmax>
			<ymax>909</ymax>
		</bndbox>
	</object>
	<object>
		<name>person</name>
		<difficult>0.6725420951843262</difficult>
		<bndbox>
			<xmin>205</xmin>
			<ymin>116</ymin>
			<xmax>34</xmax>
			<ymax>65</ymax>
		</bndbox>
	</object>
</annotation>