<?xml version='1.0' encoding='utf8'?>
<annotation>
	<folder>zebra - 6</folder>
	<filename>VID_20181205_124659 027.jpg</filename>
	<path>E:\Download\windows_v1.8.1\zebra - 6\VID_20181205_124659 027.jpg</path>
	<source>
		<database>Unknown</database>
	</source>
	<size>
		<width>1280</width>
		<height>720</height>
		<depth>3</depth>
	</size>
	<segmented>0</segmented>
	<object>
		<name>zebra</name>
		<pose>Unspecified</pose>
		<truncated>1</truncated>
		<difficult>0</difficult>
		<bndbox>
			<xmin>5</xmin>
			<ymin>224</ymin>
			<xmax>1050</xmax>
			<ymax>720</ymax>
		</bndbox>
	</object>
	<object>
		<name>car</name>
		<difficult>0.7259931564331055</difficult>
		<bndbox>
			<xmin>32</xmin>
			<ymin>207</ymin>
			<xmax>52</xmax>
			<ymax>46</ymax>
		</bndbox>
	</object>
	<object>
		<name>car</name>
		<difficult>0.6749779582023621</difficult>
		<bndbox>
			<xmin>451</xmin>
			<ymin>208</ymin>
			<xmax>73</xmax>
			<ymax>46</ymax>
		</bndbox>
	</object>
</annotation>