<?xml version='1.0' encoding='utf8'?>
<annotation>
	<folder>zebra - 2</folder>
	<filename>182_斑马线.jpg</filename>
	<path>F:\work\dian\打标\doing\zebra - 2\182_斑马线.jpg</path>
	<source>
		<database>Unknown</database>
	</source>
	<size>
		<width>0</width>
		<height>0</height>
		<depth>3</depth>
	</size>
	<segmented>0</segmented>
	<object>
		<name>zebra</name>
		<pose>Unspecified</pose>
		<truncated>0</truncated>
		<difficult>0</difficult>
		<bndbox>
			<xmin>31</xmin>
			<ymin>136</ymin>
			<xmax>596</xmax>
			<ymax>444</ymax>
		</bndbox>
	</object>
	<object>
		<name>traffic light</name>
		<pose>Unspecified</pose>
		<truncated>0</truncated>
		<difficult>0</difficult>
		<bndbox>
			<xmin>110</xmin>
			<ymin>82</ymin>
			<xmax>138</xmax>
			<ymax>105</ymax>
		</bndbox>
	</object>
	<object>
		<name>traffic light</name>
		<pose>Unspecified</pose>
		<truncated>1</truncated>
		<difficult>0</difficult>
		<bndbox>
			<xmin>10</xmin>
			<ymin>1</ymin>
			<xmax>41</xmax>
			<ymax>16</ymax>
		</bndbox>
	</object>
	<object>
		<name>car</name>
		<difficult>0.7933394908905029</difficult>
		<bndbox>
			<xmin>209</xmin>
			<ymin>231</ymin>
			<xmax>64</xmax>
			<ymax>31</ymax>
		</bndbox>
	</object>
	<object>
		<name>bus</name>
		<difficult>0.5209503769874573</difficult>
		<bndbox>
			<xmin>61</xmin>
			<ymin>173</ymin>
			<xmax>100</xmax>
			<ymax>151</ymax>
		</bndbox>
	</object>
</annotation>