<?xml version='1.0' encoding='utf8'?>
<annotation>
	<folder>lj</folder>
	<filename>7403527619bbe9d2dfe543d8683ba9b6.jpg</filename>
	<path>E:\Download\windows_v1.8.1\lj\7403527619bbe9d2dfe543d8683ba9b6.jpg</path>
	<source>
		<database>Unknown</database>
	</source>
	<size>
		<width>1024</width>
		<height>556</height>
		<depth>3</depth>
	</size>
	<segmented>0</segmented>
	<object>
		<name>zebra</name>
		<pose>Unspecified</pose>
		<truncated>1</truncated>
		<difficult>0</difficult>
		<bndbox>
			<xmin>18</xmin>
			<ymin>3</ymin>
			<xmax>989</xmax>
			<ymax>556</ymax>
		</bndbox>
	</object>
</annotation>