<?xml version='1.0' encoding='utf8'?>
<annotation>
	<folder>zebra - 8</folder>
	<filename>VID_20181209_214727080.jpg</filename>
	<path>E:\迅雷下载\zebra - 8\zebra - 8\VID_20181209_214727080.jpg</path>
	<source>
		<database>Unknown</database>
	</source>
	<size>
		<width>1920</width>
		<height>1080</height>
		<depth>3</depth>
	</size>
	<segmented>0</segmented>
	<object>
		<name>zebra</name>
		<pose>Unspecified</pose>
		<truncated>1</truncated>
		<difficult>0</difficult>
		<bndbox>
			<xmin>80</xmin>
			<ymin>1</ymin>
			<xmax>1476</xmax>
			<ymax>575</ymax>
		</bndbox>
	</object>
	<object>
		<name>bicycle</name>
		<difficult>0.8549838066101074</difficult>
		<bndbox>
			<xmin>216</xmin>
			<ymin>245</ymin>
			<xmax>133</xmax>
			<ymax>98</ymax>
		</bndbox>
	</object>
	<object>
		<name>person</name>
		<difficult>0.8067962527275085</difficult>
		<bndbox>
			<xmin>225</xmin>
			<ymin>209</ymin>
			<xmax>52</xmax>
			<ymax>152</ymax>
		</bndbox>
	</object>
</annotation>