<?xml version='1.0' encoding='utf8'?>
<annotation>
	<folder>zebra - 2</folder>
	<filename>IMG_20181127_144841.jpg</filename>
	<path>F:\work\dian\打标\doing\zebra - 2\IMG_20181127_144841.jpg</path>
	<source>
		<database>Unknown</database>
	</source>
	<size>
		<width>3456</width>
		<height>4608</height>
		<depth>3</depth>
	</size>
	<segmented>0</segmented>
	<object>
		<name>zebra</name>
		<pose>Unspecified</pose>
		<truncated>0</truncated>
		<difficult>0</difficult>
		<bndbox>
			<xmin>41</xmin>
			<ymin>1081</ymin>
			<xmax>3455</xmax>
			<ymax>2606</ymax>
		</bndbox>
	</object>
	<object>
		<name>car</name>
		<difficult>0.7982039451599121</difficult>
		<bndbox>
			<xmin>149</xmin>
			<ymin>173</ymin>
			<xmax>59</xmax>
			<ymax>40</ymax>
		</bndbox>
	</object>
	<object>
		<name>car</name>
		<difficult>0.6536546349525452</difficult>
		<bndbox>
			<xmin>83</xmin>
			<ymin>173</ymin>
			<xmax>30</xmax>
			<ymax>23</ymax>
		</bndbox>
	</object>
	<object>
		<name>car</name>
		<difficult>0.6532914042472839</difficult>
		<bndbox>
			<xmin>491</xmin>
			<ymin>181</ymin>
			<xmax>27</xmax>
			<ymax>38</ymax>
		</bndbox>
	</object>
	<object>
		<name>car</name>
		<difficult>0.6401854753494263</difficult>
		<bndbox>
			<xmin>365</xmin>
			<ymin>178</ymin>
			<xmax>46</xmax>
			<ymax>29</ymax>
		</bndbox>
	</object>
	<object>
		<name>car</name>
		<difficult>0.5955952405929565</difficult>
		<bndbox>
			<xmin>303</xmin>
			<ymin>177</ymin>
			<xmax>53</xmax>
			<ymax>31</ymax>
		</bndbox>
	</object>
</annotation>