<?xml version='1.0' encoding='utf8'?>
<annotation>
	<folder>zebra</folder>
	<filename>IMG_20181217_000511.jpg</filename>
	<path>E:\迅雷下载\zebra\IMG_20181217_000511.jpg</path>
	<source>
		<database>Unknown</database>
	</source>
	<size>
		<width>2976</width>
		<height>3968</height>
		<depth>3</depth>
	</size>
	<segmented>0</segmented>
	<object>
		<name>zebra</name>
		<pose>Unspecified</pose>
		<truncated>1</truncated>
		<difficult>0</difficult>
		<bndbox>
			<xmin>1696</xmin>
			<ymin>1762</ymin>
			<xmax>2976</xmax>
			<ymax>2498</ymax>
		</bndbox>
	</object>
	<object>
		<name>person</name>
		<difficult>0.7237633466720581</difficult>
		<bndbox>
			<xmin>207</xmin>
			<ymin>116</ymin>
			<xmax>44</xmax>
			<ymax>108</ymax>
		</bndbox>
	</object>
	<object>
		<name>person</name>
		<difficult>0.6843926906585693</difficult>
		<bndbox>
			<xmin>138</xmin>
			<ymin>110</ymin>
			<xmax>43</xmax>
			<ymax>90</ymax>
		</bndbox>
	</object>
</annotation>