<?xml version='1.0' encoding='utf8'?>
<annotation>
	<folder>zebra - 3</folder>
	<filename>VID_20181217_144030001.jpg</filename>
	<path>E:\迅雷下载\zebra - 3\zebra - 3\VID_20181217_144030001.jpg</path>
	<source>
		<database>Unknown</database>
	</source>
	<size>
		<width>1920</width>
		<height>1080</height>
		<depth>3</depth>
	</size>
	<segmented>0</segmented>
	<object>
		<name>zebra</name>
		<pose>Unspecified</pose>
		<truncated>1</truncated>
		<difficult>0</difficult>
		<bndbox>
			<xmin>1</xmin>
			<ymin>1</ymin>
			<xmax>1092</xmax>
			<ymax>249</ymax>
		</bndbox>
	</object>
	<object>
		<name>car</name>
		<difficult>0.6273606419563293</difficult>
		<bndbox>
			<xmin>60</xmin>
			<ymin>214</ymin>
			<xmax>71</xmax>
			<ymax>29</ymax>
		</bndbox>
	</object>
	<object>
		<name>car</name>
		<difficult>0.5422542691230774</difficult>
		<bndbox>
			<xmin>405</xmin>
			<ymin>212</ymin>
			<xmax>36</xmax>
			<ymax>30</ymax>
		</bndbox>
	</object>
	<object>
		<name>car</name>
		<difficult>0.522382915019989</difficult>
		<bndbox>
			<xmin>341</xmin>
			<ymin>209</ymin>
			<xmax>36</xmax>
			<ymax>31</ymax>
		</bndbox>
	</object>
</annotation>