<?xml version='1.0' encoding='utf8'?>
<annotation>
	<folder>zebra - 3</folder>
	<filename>VID_20181217_144352003.jpg</filename>
	<path>E:\迅雷下载\zebra - 3\zebra - 3\VID_20181217_144352003.jpg</path>
	<source>
		<database>Unknown</database>
	</source>
	<size>
		<width>1920</width>
		<height>1080</height>
		<depth>3</depth>
	</size>
	<segmented>0</segmented>
	<object>
		<name>zebra</name>
		<pose>Unspecified</pose>
		<truncated>0</truncated>
		<difficult>0</difficult>
		<bndbox>
			<xmin>2</xmin>
			<ymin>430</ymin>
			<xmax>981</xmax>
			<ymax>551</ymax>
		</bndbox>
	</object>
	<object>
		<name>zebra</name>
		<pose>Unspecified</pose>
		<truncated>1</truncated>
		<difficult>0</difficult>
		<bndbox>
			<xmin>1</xmin>
			<ymin>621</ymin>
			<xmax>1920</xmax>
			<ymax>1077</ymax>
		</bndbox>
	</object>
	<object>
		<name>car</name>
		<difficult>0.5621004104614258</difficult>
		<bndbox>
			<xmin>367</xmin>
			<ymin>1928</ymin>
			<xmax>516</xmax>
			<ymax>206</ymax>
		</bndbox>
	</object>
	<object>
		<name>bottle</name>
		<difficult>0.55072420835495</difficult>
		<bndbox>
			<xmin>2910</xmin>
			<ymin>3473</ymin>
			<xmax>283</xmax>
			<ymax>923</ymax>
		</bndbox>
	</object>
</annotation>