<?xml version='1.0' encoding='utf8'?>
<annotation>
	<folder>zebra - 2</folder>
	<filename>184_斑马线 (2).jpg</filename>
	<path>F:\work\dian\打标\doing\zebra - 2\184_斑马线 (2).jpg</path>
	<source>
		<database>Unknown</database>
	</source>
	<size>
		<width>1920</width>
		<height>648</height>
		<depth>3</depth>
	</size>
	<segmented>0</segmented>
	<object>
		<name>zebra</name>
		<pose>Unspecified</pose>
		<truncated>0</truncated>
		<difficult>0</difficult>
		<bndbox>
			<xmin>569</xmin>
			<ymin>142</ymin>
			<xmax>1459</xmax>
			<ymax>165</ymax>
		</bndbox>
	</object>
</annotation>