<?xml version='1.0' encoding='utf8'?>
<annotation>
	<folder>zebra</folder>
	<filename>VID_20181217_000916.mp4(960).jpg</filename>
	<path>E:\迅雷下载\zebra\VID_20181217_000916.mp4(960).jpg</path>
	<source>
		<database>Unknown</database>
	</source>
	<size>
		<width>1080</width>
		<height>1920</height>
		<depth>3</depth>
	</size>
	<segmented>0</segmented>
	<object>
		<name>traffic light</name>
		<pose>Unspecified</pose>
		<truncated>0</truncated>
		<difficult>0</difficult>
		<bndbox>
			<xmin>684</xmin>
			<ymin>10</ymin>
			<xmax>824</xmax>
			<ymax>276</ymax>
		</bndbox>
	</object>
	<object>
		<name>traffic light</name>
		<pose>Unspecified</pose>
		<truncated>0</truncated>
		<difficult>0</difficult>
		<bndbox>
			<xmin>466</xmin>
			<ymin>440</ymin>
			<xmax>524</xmax>
			<ymax>556</ymax>
		</bndbox>
	</object>
	<object>
		<name>zebra</name>
		<pose>Unspecified</pose>
		<truncated>1</truncated>
		<difficult>0</difficult>
		<bndbox>
			<xmin>1</xmin>
			<ymin>782</ymin>
			<xmax>672</xmax>
			<ymax>848</ymax>
		</bndbox>
	</object>
	<object>
		<name>zebra</name>
		<pose>Unspecified</pose>
		<truncated>1</truncated>
		<difficult>0</difficult>
		<bndbox>
			<xmin>1</xmin>
			<ymin>818</ymin>
			<xmax>1080</xmax>
			<ymax>989</ymax>
		</bndbox>
	</object>
	<object>
		<name>car</name>
		<difficult>0.7320141196250916</difficult>
		<bndbox>
			<xmin>3252</xmin>
			<ymin>401</ymin>
			<xmax>422</xmax>
			<ymax>483</ymax>
		</bndbox>
	</object>
	<object>
		<name>person</name>
		<difficult>0.5949141383171082</difficult>
		<bndbox>
			<xmin>1110</xmin>
			<ymin>409</ymin>
			<xmax>170</xmax>
			<ymax>556</ymax>
		</bndbox>
	</object>
	<object>
		<name>car</name>
		<difficult>0.5560861825942993</difficult>
		<bndbox>
			<xmin>597</xmin>
			<ymin>390</ymin>
			<xmax>355</xmax>
			<ymax>300</ymax>
		</bndbox>
	</object>
</annotation>