<?xml version='1.0' encoding='utf8'?>
<annotation>
	<folder>zebra - 8</folder>
	<filename>VID_20181207_191620053.jpg</filename>
	<path>E:\迅雷下载\zebra - 8\zebra - 8\VID_20181207_191620053.jpg</path>
	<source>
		<database>Unknown</database>
	</source>
	<size>
		<width>1920</width>
		<height>1080</height>
		<depth>3</depth>
	</size>
	<segmented>0</segmented>
	<object>
		<name>zebra</name>
		<pose>Unspecified</pose>
		<truncated>0</truncated>
		<difficult>0</difficult>
		<bndbox>
			<xmin>7</xmin>
			<ymin>532</ymin>
			<xmax>1297</xmax>
			<ymax>888</ymax>
		</bndbox>
	</object>
	<object>
		<name>traffic light</name>
		<pose>Unspecified</pose>
		<truncated>0</truncated>
		<difficult>0</difficult>
		<bndbox>
			<xmin>1654</xmin>
			<ymin>230</ymin>
			<xmax>1751</xmax>
			<ymax>351</ymax>
		</bndbox>
	</object>
	<object>
		<name>traffic light</name>
		<pose>Unspecified</pose>
		<truncated>0</truncated>
		<difficult>0</difficult>
		<bndbox>
			<xmin>638</xmin>
			<ymin>265</ymin>
			<xmax>711</xmax>
			<ymax>362</ymax>
		</bndbox>
	</object>
	<object>
		<name>car</name>
		<difficult>0.7835132479667664</difficult>
		<bndbox>
			<xmin>371</xmin>
			<ymin>608</ymin>
			<xmax>811</xmax>
			<ymax>1081</ymax>
		</bndbox>
	</object>
	<object>
		<name>motorbike</name>
		<difficult>0.7218884229660034</difficult>
		<bndbox>
			<xmin>3253</xmin>
			<ymin>1318</ymin>
			<xmax>496</xmax>
			<ymax>861</ymax>
		</bndbox>
	</object>
</annotation>