<?xml version='1.0' encoding='utf8'?>
<annotation>
	<folder>zebra - 1</folder>
	<filename>61_斑马线.jpg</filename>
	<path>F:\work\dian\打标\doing\zebra - 1\61_斑马线.jpg</path>
	<source>
		<database>Unknown</database>
	</source>
	<size>
		<width>1014</width>
		<height>507</height>
		<depth>3</depth>
	</size>
	<segmented>0</segmented>
	<object>
		<name>zebra</name>
		<pose>Unspecified</pose>
		<truncated>0</truncated>
		<difficult>0</difficult>
		<bndbox>
			<xmin>12</xmin>
			<ymin>122</ymin>
			<xmax>1010</xmax>
			<ymax>502</ymax>
		</bndbox>
	</object>
	<object>
		<name>car</name>
		<difficult>0.8482231497764587</difficult>
		<bndbox>
			<xmin>1146</xmin>
			<ymin>804</ymin>
			<xmax>1137</xmax>
			<ymax>493</ymax>
		</bndbox>
	</object>
	<object>
		<name>car</name>
		<difficult>0.6585926413536072</difficult>
		<bndbox>
			<xmin>3150</xmin>
			<ymin>640</ymin>
			<xmax>525</xmax>
			<ymax>337</ymax>
		</bndbox>
	</object>
	<object>
		<name>car</name>
		<difficult>0.5419528484344482</difficult>
		<bndbox>
			<xmin>2809</xmin>
			<ymin>664</ymin>
			<xmax>354</xmax>
			<ymax>221</ymax>
		</bndbox>
	</object>
</annotation>