<?xml version='1.0' encoding='utf8'?>
<annotation>
	<folder>zebra - 1</folder>
	<filename>100_斑马线 (2).jpg</filename>
	<path>F:\work\dian\打标\doing\zebra - 1\100_斑马线 (2).jpg</path>
	<source>
		<database>Unknown</database>
	</source>
	<size>
		<width>600</width>
		<height>400</height>
		<depth>3</depth>
	</size>
	<segmented>0</segmented>
	<object>
		<name>zebra</name>
		<pose>Unspecified</pose>
		<truncated>1</truncated>
		<difficult>0</difficult>
		<bndbox>
			<xmin>1</xmin>
			<ymin>108</ymin>
			<xmax>599</xmax>
			<ymax>398</ymax>
		</bndbox>
	</object>
	<object>
		<name>car</name>
		<difficult>0.5056058168411255</difficult>
		<bndbox>
			<xmin>916</xmin>
			<ymin>391</ymin>
			<xmax>316</xmax>
			<ymax>249</ymax>
		</bndbox>
	</object>
</annotation>