<?xml version='1.0' encoding='utf8'?>
<annotation>
	<folder>zebra - 4</folder>
	<filename>traffic_light_513.jpg</filename>
	<path>E:\Download\windows_v1.8.1\zebra - 4\traffic_light_513.jpg</path>
	<source>
		<database>Unknown</database>
	</source>
	<size>
		<width>1920</width>
		<height>1080</height>
		<depth>3</depth>
	</size>
	<segmented>0</segmented>
	<object>
		<name>zebra</name>
		<pose>Unspecified</pose>
		<truncated>0</truncated>
		<difficult>0</difficult>
		<bndbox>
			<xmin>973</xmin>
			<ymin>898</ymin>
			<xmax>1672</xmax>
			<ymax>987</ymax>
		</bndbox>
	</object>
	<object>
		<name>zebra</name>
		<pose>Unspecified</pose>
		<truncated>1</truncated>
		<difficult>0</difficult>
		<bndbox>
			<xmin>553</xmin>
			<ymin>991</ymin>
			<xmax>1764</xmax>
			<ymax>1080</ymax>
		</bndbox>
	</object>
	<object>
		<name>zebra</name>
		<pose>Unspecified</pose>
		<truncated>0</truncated>
		<difficult>0</difficult>
		<bndbox>
			<xmin>10</xmin>
			<ymin>898</ymin>
			<xmax>656</xmax>
			<ymax>978</ymax>
		</bndbox>
	</object>
	<object>
		<name>bus</name>
		<difficult>0.6579532623291016</difficult>
		<bndbox>
			<xmin>3021</xmin>
			<ymin>540</ymin>
			<xmax>852</xmax>
			<ymax>1012</ymax>
		</bndbox>
	</object>
</annotation>