<?xml version='1.0' encoding='utf8'?>
<annotation>
	<folder>zebra - 4</folder>
	<filename>VID_20181129_174445021.jpg</filename>
	<path>E:\Download\windows_v1.8.1\zebra - 4\VID_20181129_174445021.jpg</path>
	<source>
		<database>Unknown</database>
	</source>
	<size>
		<width>1080</width>
		<height>1920</height>
		<depth>3</depth>
	</size>
	<segmented>0</segmented>
	<object>
		<name>zebra</name>
		<pose>Unspecified</pose>
		<truncated>0</truncated>
		<difficult>0</difficult>
		<bndbox>
			<xmin>3</xmin>
			<ymin>624</ymin>
			<xmax>567</xmax>
			<ymax>986</ymax>
		</bndbox>
	</object>
	<object>
		<name>car</name>
		<difficult>0.8040409684181213</difficult>
		<bndbox>
			<xmin>240</xmin>
			<ymin>932</ymin>
			<xmax>517</xmax>
			<ymax>845</ymax>
		</bndbox>
	</object>
</annotation>