<?xml version='1.0' encoding='utf8'?>
<annotation>
	<folder>zebra - 5</folder>
	<filename>VID_20181205_124358 016.jpg</filename>
	<path>E:\Download\windows_v1.8.1\zebra - 5\VID_20181205_124358 016.jpg</path>
	<source>
		<database>Unknown</database>
	</source>
	<size>
		<width>1280</width>
		<height>720</height>
		<depth>3</depth>
	</size>
	<segmented>0</segmented>
	<object>
		<name>zebra</name>
		<pose>Unspecified</pose>
		<truncated>0</truncated>
		<difficult>0</difficult>
		<bndbox>
			<xmin>39</xmin>
			<ymin>145</ymin>
			<xmax>1250</xmax>
			<ymax>524</ymax>
		</bndbox>
	</object>
	<object>
		<name>car</name>
		<difficult>0.7581760883331299</difficult>
		<bndbox>
			<xmin>2898</xmin>
			<ymin>555</ymin>
			<xmax>1140</xmax>
			<ymax>501</ymax>
		</bndbox>
	</object>
	<object>
		<name>car</name>
		<difficult>0.6064633131027222</difficult>
		<bndbox>
			<xmin>1677</xmin>
			<ymin>405</ymin>
			<xmax>553</xmax>
			<ymax>230</ymax>
		</bndbox>
	</object>
	<object>
		<name>car</name>
		<difficult>0.537580668926239</difficult>
		<bndbox>
			<xmin>1350</xmin>
			<ymin>406</ymin>
			<xmax>670</xmax>
			<ymax>292</ymax>
		</bndbox>
	</object>
	<object>
		<name>car</name>
		<difficult>0.5118521451950073</difficult>
		<bndbox>
			<xmin>1062</xmin>
			<ymin>410</ymin>
			<xmax>737</xmax>
			<ymax>344</ymax>
		</bndbox>
	</object>
</annotation>