<?xml version='1.0' encoding='utf8'?>
<annotation>
	<folder>zebra - 6</folder>
	<filename>VID_20181205_124659 146.jpg</filename>
	<path>E:\Download\windows_v1.8.1\zebra - 6\VID_20181205_124659 146.jpg</path>
	<source>
		<database>Unknown</database>
	</source>
	<size>
		<width>1280</width>
		<height>720</height>
		<depth>3</depth>
	</size>
	<segmented>0</segmented>
	<object>
		<name>zebra</name>
		<pose>Unspecified</pose>
		<truncated>1</truncated>
		<difficult>0</difficult>
		<bndbox>
			<xmin>14</xmin>
			<ymin>191</ymin>
			<xmax>1195</xmax>
			<ymax>720</ymax>
		</bndbox>
	</object>
	<object>
		<name>car</name>
		<difficult>0.7212222218513489</difficult>
		<bndbox>
			<xmin>3240</xmin>
			<ymin>1003</ymin>
			<xmax>449</xmax>
			<ymax>425</ymax>
		</bndbox>
	</object>
	<object>
		<name>car</name>
		<difficult>0.5180791616439819</difficult>
		<bndbox>
			<xmin>1313</xmin>
			<ymin>867</ymin>
			<xmax>329</xmax>
			<ymax>161</ymax>
		</bndbox>
	</object>
</annotation>