<?xml version='1.0' encoding='utf8'?>
<annotation>
	<folder>zebra - 5</folder>
	<filename>VID_20181205_124358 160.jpg</filename>
	<path>E:\Download\windows_v1.8.1\zebra - 5\VID_20181205_124358 160.jpg</path>
	<source>
		<database>Unknown</database>
	</source>
	<size>
		<width>1280</width>
		<height>720</height>
		<depth>3</depth>
	</size>
	<segmented>0</segmented>
	<object>
		<name>zebra</name>
		<pose>Unspecified</pose>
		<truncated>1</truncated>
		<difficult>0</difficult>
		<bndbox>
			<xmin>26</xmin>
			<ymin>36</ymin>
			<xmax>1273</xmax>
			<ymax>720</ymax>
		</bndbox>
	</object>
	<object>
		<name>bottle</name>
		<difficult>0.6859402060508728</difficult>
		<bndbox>
			<xmin>2511</xmin>
			<ymin>4102</ymin>
			<xmax>1773</xmax>
			<ymax>878</ymax>
		</bndbox>
	</object>
	<object>
		<name>person</name>
		<difficult>0.5865797400474548</difficult>
		<bndbox>
			<xmin>1804</xmin>
			<ymin>416</ymin>
			<xmax>249</xmax>
			<ymax>585</ymax>
		</bndbox>
	</object>
</annotation>