<?xml version='1.0' encoding='utf8'?>
<annotation>
	<folder>zebra - 2</folder>
	<filename>158_斑马线.jpg</filename>
	<path>F:\work\dian\打标\doing\zebra - 2\158_斑马线.jpg</path>
	<source>
		<database>Unknown</database>
	</source>
	<size>
		<width>800</width>
		<height>450</height>
		<depth>3</depth>
	</size>
	<segmented>0</segmented>
	<object>
		<name>zebra</name>
		<pose>Unspecified</pose>
		<truncated>1</truncated>
		<difficult>0</difficult>
		<bndbox>
			<xmin>3</xmin>
			<ymin>115</ymin>
			<xmax>800</xmax>
			<ymax>193</ymax>
		</bndbox>
	</object>
</annotation>