<?xml version='1.0' encoding='utf8'?>
<annotation>
	<folder>zebra - 8</folder>
	<filename>VID_20181207_191620094.jpg</filename>
	<path>E:\迅雷下载\zebra - 8\zebra - 8\VID_20181207_191620094.jpg</path>
	<source>
		<database>Unknown</database>
	</source>
	<size>
		<width>1920</width>
		<height>1080</height>
		<depth>3</depth>
	</size>
	<segmented>0</segmented>
	<object>
		<name>zebra</name>
		<pose>Unspecified</pose>
		<truncated>0</truncated>
		<difficult>0</difficult>
		<bndbox>
			<xmin>976</xmin>
			<ymin>688</ymin>
			<xmax>1718</xmax>
			<ymax>783</ymax>
		</bndbox>
	</object>
	<object>
		<name>person</name>
		<difficult>0.8047254681587219</difficult>
		<bndbox>
			<xmin>935</xmin>
			<ymin>932</ymin>
			<xmax>969</xmax>
			<ymax>1660</ymax>
		</bndbox>
	</object>
</annotation>