<?xml version='1.0' encoding='utf8'?>
<annotation>
	<folder>star</folder>
	<filename>hearing-zebra-81.jpg</filename>
	<path>E:\Download\windows_v1.8.1\star\hearing-zebra-81.jpg</path>
	<source>
		<database>Unknown</database>
	</source>
	<size>
		<width>500</width>
		<height>332</height>
		<depth>3</depth>
	</size>
	<segmented>0</segmented>
	<object>
		<name>zebra</name>
		<pose>Unspecified</pose>
		<truncated>0</truncated>
		<difficult>0</difficult>
		<bndbox>
			<xmin>6</xmin>
			<ymin>179</ymin>
			<xmax>499</xmax>
			<ymax>310</ymax>
		</bndbox>
	</object>
	<object>
		<name>motorbike</name>
		<difficult>0.6479186415672302</difficult>
		<bndbox>
			<xmin>714</xmin>
			<ymin>2216</ymin>
			<xmax>1204</xmax>
			<ymax>1317</ymax>
		</bndbox>
	</object>
</annotation>