<?xml version='1.0' encoding='utf8'?>
<annotation>
	<folder>zebra - 3</folder>
	<filename>IMG_20181127_151050.jpg</filename>
	<path>E:\迅雷下载\zebra - 3\zebra - 3\IMG_20181127_151050.jpg</path>
	<source>
		<database>Unknown</database>
	</source>
	<size>
		<width>3456</width>
		<height>4608</height>
		<depth>3</depth>
	</size>
	<segmented>0</segmented>
	<object>
		<name>stairs</name>
		<pose>Unspecified</pose>
		<truncated>0</truncated>
		<difficult>0</difficult>
		<bndbox>
			<xmin>928</xmin>
			<ymin>4</ymin>
			<xmax>3203</xmax>
			<ymax>579</ymax>
		</bndbox>
	</object>
	<object>
		<name>stairs</name>
		<pose>Unspecified</pose>
		<truncated>1</truncated>
		<difficult>0</difficult>
		<bndbox>
			<xmin>13</xmin>
			<ymin>334</ymin>
			<xmax>3456</xmax>
			<ymax>4604</ymax>
		</bndbox>
	</object>
	<object>
		<name>car</name>
		<difficult>0.9190968871116638</difficult>
		<bndbox>
			<xmin>2078</xmin>
			<ymin>1372</ymin>
			<xmax>1403</xmax>
			<ymax>900</ymax>
		</bndbox>
	</object>
</annotation>