<?xml version='1.0' encoding='utf8'?>
<annotation>
	<folder>zebra - 4</folder>
	<filename>VID_20181129_112616022.jpg</filename>
	<path>E:\Download\windows_v1.8.1\zebra - 4\VID_20181129_112616022.jpg</path>
	<source>
		<database>Unknown</database>
	</source>
	<size>
		<width>1080</width>
		<height>1920</height>
		<depth>3</depth>
	</size>
	<segmented>0</segmented>
	<object>
		<name>zebra</name>
		<pose>Unspecified</pose>
		<truncated>1</truncated>
		<difficult>0</difficult>
		<bndbox>
			<xmin>1</xmin>
			<ymin>530</ymin>
			<xmax>1069</xmax>
			<ymax>1910</ymax>
		</bndbox>
	</object>
	<object>
		<name>car</name>
		<difficult>0.6560690999031067</difficult>
		<bndbox>
			<xmin>2792</xmin>
			<ymin>1003</ymin>
			<xmax>881</xmax>
			<ymax>431</ymax>
		</bndbox>
	</object>
	<object>
		<name>car</name>
		<difficult>0.6174681186676025</difficult>
		<bndbox>
			<xmin>2399</xmin>
			<ymin>970</ymin>
			<xmax>591</xmax>
			<ymax>371</ymax>
		</bndbox>
	</object>
</annotation>