<?xml version='1.0' encoding='utf8'?>
<annotation>
	<folder>zebra - 3</folder>
	<filename>traffic_light_464.jpg</filename>
	<path>E:\迅雷下载\zebra - 3\zebra - 3\traffic_light_464.jpg</path>
	<source>
		<database>Unknown</database>
	</source>
	<size>
		<width>1920</width>
		<height>1080</height>
		<depth>3</depth>
	</size>
	<segmented>0</segmented>
	<object>
		<name>traffic light</name>
		<pose>Unspecified</pose>
		<truncated>0</truncated>
		<difficult>0</difficult>
		<bndbox>
			<xmin>1284</xmin>
			<ymin>48</ymin>
			<xmax>1502</xmax>
			<ymax>305</ymax>
		</bndbox>
	</object>
	<object>
		<name>zebra</name>
		<pose>Unspecified</pose>
		<truncated>0</truncated>
		<difficult>0</difficult>
		<bndbox>
			<xmin>888</xmin>
			<ymin>781</ymin>
			<xmax>1472</xmax>
			<ymax>854</ymax>
		</bndbox>
	</object>
	<object>
		<name>zebra</name>
		<pose>Unspecified</pose>
		<truncated>1</truncated>
		<difficult>0</difficult>
		<bndbox>
			<xmin>1845</xmin>
			<ymin>808</ymin>
			<xmax>1920</xmax>
			<ymax>838</ymax>
		</bndbox>
	</object>
	<object>
		<name>zebra</name>
		<pose>Unspecified</pose>
		<truncated>1</truncated>
		<difficult>0</difficult>
		<bndbox>
			<xmin>1103</xmin>
			<ymin>905</ymin>
			<xmax>1920</xmax>
			<ymax>1077</ymax>
		</bndbox>
	</object>
	<object>
		<name>zebra</name>
		<pose>Unspecified</pose>
		<truncated>0</truncated>
		<difficult>0</difficult>
		<bndbox>
			<xmin>21</xmin>
			<ymin>861</ymin>
			<xmax>937</xmax>
			<ymax>1041</ymax>
		</bndbox>
	</object>
</annotation>