<?xml version='1.0' encoding='utf8'?>
<annotation>
	<folder>zebra - 2</folder>
	<filename>169_斑马线 (2).jpg</filename>
	<path>F:\work\dian\打标\doing\zebra - 2\169_斑马线 (2).jpg</path>
	<source>
		<database>Unknown</database>
	</source>
	<size>
		<width>1024</width>
		<height>392</height>
		<depth>3</depth>
	</size>
	<segmented>0</segmented>
	<object>
		<name>zebra</name>
		<pose>Unspecified</pose>
		<truncated>0</truncated>
		<difficult>0</difficult>
		<bndbox>
			<xmin>10</xmin>
			<ymin>232</ymin>
			<xmax>1023</xmax>
			<ymax>320</ymax>
		</bndbox>
	</object>
	<object>
		<name>person</name>
		<difficult>0.9267519116401672</difficult>
		<bndbox>
			<xmin>980</xmin>
			<ymin>2310</ymin>
			<xmax>1879</xmax>
			<ymax>3465</ymax>
		</bndbox>
	</object>
	<object>
		<name>motorbike</name>
		<difficult>0.809188961982727</difficult>
		<bndbox>
			<xmin>1406</xmin>
			<ymin>3270</ymin>
			<xmax>2295</xmax>
			<ymax>2376</ymax>
		</bndbox>
	</object>
</annotation>