<?xml version='1.0' encoding='utf8'?>
<annotation>
	<folder>zebra - 3</folder>
	<filename>IMG_20181127_151044.jpg</filename>
	<path>E:\迅雷下载\zebra - 3\zebra - 3\IMG_20181127_151044.jpg</path>
	<source>
		<database>Unknown</database>
	</source>
	<size>
		<width>3456</width>
		<height>4608</height>
		<depth>3</depth>
	</size>
	<segmented>0</segmented>
	<object>
		<name>stairs</name>
		<pose>Unspecified</pose>
		<truncated>1</truncated>
		<difficult>0</difficult>
		<bndbox>
			<xmin>13</xmin>
			<ymin>559</ymin>
			<xmax>3456</xmax>
			<ymax>3153</ymax>
		</bndbox>
	</object>
	<object>
		<name>stairs</name>
		<pose>Unspecified</pose>
		<truncated>1</truncated>
		<difficult>0</difficult>
		<bndbox>
			<xmin>2948</xmin>
			<ymin>264</ymin>
			<xmax>3456</xmax>
			<ymax>591</ymax>
		</bndbox>
	</object>
	<object>
		<name>car</name>
		<difficult>0.949388325214386</difficult>
		<bndbox>
			<xmin>1391</xmin>
			<ymin>661</ymin>
			<xmax>3194</xmax>
			<ymax>1205</ymax>
		</bndbox>
	</object>
</annotation>