<?xml version='1.0' encoding='utf8'?>
<annotation>
	<folder>zebra - 3</folder>
	<filename>traffic_light_117.jpg</filename>
	<path>E:\迅雷下载\zebra - 3\zebra - 3\traffic_light_117.jpg</path>
	<source>
		<database>Unknown</database>
	</source>
	<size>
		<width>1920</width>
		<height>1080</height>
		<depth>3</depth>
	</size>
	<segmented>0</segmented>
	<object>
		<name>stairs</name>
		<pose>Unspecified</pose>
		<truncated>0</truncated>
		<difficult>0</difficult>
		<bndbox>
			<xmin>649</xmin>
			<ymin>521</ymin>
			<xmax>1207</xmax>
			<ymax>581</ymax>
		</bndbox>
	</object>
	<object>
		<name>stairs</name>
		<pose>Unspecified</pose>
		<truncated>0</truncated>
		<difficult>0</difficult>
		<bndbox>
			<xmin>1275</xmin>
			<ymin>470</ymin>
			<xmax>1691</xmax>
			<ymax>518</ymax>
		</bndbox>
	</object>
	<object>
		<name>stairs</name>
		<pose>Unspecified</pose>
		<truncated>1</truncated>
		<difficult>0</difficult>
		<bndbox>
			<xmin>1651</xmin>
			<ymin>519</ymin>
			<xmax>1920</xmax>
			<ymax>600</ymax>
		</bndbox>
	</object>
	<object>
		<name>stairs</name>
		<pose>Unspecified</pose>
		<truncated>0</truncated>
		<difficult>0</difficult>
		<bndbox>
			<xmin>496</xmin>
			<ymin>578</ymin>
			<xmax>1580</xmax>
			<ymax>734</ymax>
		</bndbox>
	</object>
</annotation>