<?xml version='1.0' encoding='utf8'?>
<annotation>
	<folder>zebra - 3</folder>
	<filename>traffic_light_448.jpg</filename>
	<path>E:\迅雷下载\zebra - 3\zebra - 3\traffic_light_448.jpg</path>
	<source>
		<database>Unknown</database>
	</source>
	<size>
		<width>1920</width>
		<height>1080</height>
		<depth>3</depth>
	</size>
	<segmented>0</segmented>
	<object>
		<name>traffic light</name>
		<pose>Unspecified</pose>
		<truncated>0</truncated>
		<difficult>0</difficult>
		<bndbox>
			<xmin>1107</xmin>
			<ymin>2</ymin>
			<xmax>1323</xmax>
			<ymax>234</ymax>
		</bndbox>
	</object>
	<object>
		<name>zebra</name>
		<pose>Unspecified</pose>
		<truncated>0</truncated>
		<difficult>0</difficult>
		<bndbox>
			<xmin>697</xmin>
			<ymin>711</ymin>
			<xmax>1291</xmax>
			<ymax>776</ymax>
		</bndbox>
	</object>
	<object>
		<name>zebra</name>
		<pose>Unspecified</pose>
		<truncated>0</truncated>
		<difficult>0</difficult>
		<bndbox>
			<xmin>1642</xmin>
			<ymin>724</ymin>
			<xmax>1919</xmax>
			<ymax>767</ymax>
		</bndbox>
	</object>
	<object>
		<name>zebra</name>
		<pose>Unspecified</pose>
		<truncated>1</truncated>
		<difficult>0</difficult>
		<bndbox>
			<xmin>923</xmin>
			<ymin>810</ymin>
			<xmax>1920</xmax>
			<ymax>1079</ymax>
		</bndbox>
	</object>
	<object>
		<name>zebra</name>
		<pose>Unspecified</pose>
		<truncated>1</truncated>
		<difficult>0</difficult>
		<bndbox>
			<xmin>1</xmin>
			<ymin>807</ymin>
			<xmax>765</xmax>
			<ymax>999</ymax>
		</bndbox>
	</object>
	<object>
		<name>bus</name>
		<difficult>0.8428769707679749</difficult>
		<bndbox>
			<xmin>798</xmin>
			<ymin>622</ymin>
			<xmax>1428</xmax>
			<ymax>596</ymax>
		</bndbox>
	</object>
	<object>
		<name>bus</name>
		<difficult>0.6458989977836609</difficult>
		<bndbox>
			<xmin>1813</xmin>
			<ymin>596</ymin>
			<xmax>774</xmax>
			<ymax>658</ymax>
		</bndbox>
	</object>
	<object>
		<name>bus</name>
		<difficult>0.5706995129585266</difficult>
		<bndbox>
			<xmin>2401</xmin>
			<ymin>608</ymin>
			<xmax>775</xmax>
			<ymax>463</ymax>
		</bndbox>
	</object>
	<object>
		<name>car</name>
		<difficult>0.5689180493354797</difficult>
		<bndbox>
			<xmin>2847</xmin>
			<ymin>679</ymin>
			<xmax>655</xmax>
			<ymax>358</ymax>
		</bndbox>
	</object>
</annotation>