<?xml version='1.0' encoding='utf8'?>
<annotation>
	<folder>zebra - 7</folder>
	<filename>VID_20181205_073027001.jpg</filename>
	<path>E:\迅雷下载\zebra - 7\zebra - 7\VID_20181205_073027001.jpg</path>
	<source>
		<database>Unknown</database>
	</source>
	<size>
		<width>1920</width>
		<height>1080</height>
		<depth>3</depth>
	</size>
	<segmented>0</segmented>
	<object>
		<name>traffic light</name>
		<pose>Unspecified</pose>
		<truncated>0</truncated>
		<difficult>0</difficult>
		<bndbox>
			<xmin>932</xmin>
			<ymin>189</ymin>
			<xmax>1021</xmax>
			<ymax>354</ymax>
		</bndbox>
	</object>
	<object>
		<name>traffic light</name>
		<pose>Unspecified</pose>
		<truncated>0</truncated>
		<difficult>0</difficult>
		<bndbox>
			<xmin>1021</xmin>
			<ymin>197</ymin>
			<xmax>1088</xmax>
			<ymax>362</ymax>
		</bndbox>
	</object>
	<object>
		<name>zebra</name>
		<pose>Unspecified</pose>
		<truncated>0</truncated>
		<difficult>0</difficult>
		<bndbox>
			<xmin>908</xmin>
			<ymin>991</ymin>
			<xmax>1724</xmax>
			<ymax>1064</ymax>
		</bndbox>
	</object>
	<object>
		<name>person</name>
		<difficult>0.7243739366531372</difficult>
		<bndbox>
			<xmin>1837</xmin>
			<ymin>847</ymin>
			<xmax>138</xmax>
			<ymax>299</ymax>
		</bndbox>
	</object>
	<object>
		<name>person</name>
		<difficult>0.5971426963806152</difficult>
		<bndbox>
			<xmin>844</xmin>
			<ymin>727</ymin>
			<xmax>88</xmax>
			<ymax>144</ymax>
		</bndbox>
	</object>
</annotation>