<?xml version='1.0' encoding='utf8'?>
<annotation>
	<folder>zebra - 1</folder>
	<filename>39_斑马线 (2).jpg</filename>
	<path>F:\work\dian\打标\doing\zebra - 1\39_斑马线 (2).jpg</path>
	<source>
		<database>Unknown</database>
	</source>
	<size>
		<width>500</width>
		<height>350</height>
		<depth>3</depth>
	</size>
	<segmented>0</segmented>
	<object>
		<name>zebra</name>
		<pose>Unspecified</pose>
		<truncated>1</truncated>
		<difficult>0</difficult>
		<bndbox>
			<xmin>3</xmin>
			<ymin>17</ymin>
			<xmax>500</xmax>
			<ymax>325</ymax>
		</bndbox>
	</object>
	<object>
		<name>car</name>
		<difficult>0.7266825437545776</difficult>
		<bndbox>
			<xmin>1016</xmin>
			<ymin>513</ymin>
			<xmax>322</xmax>
			<ymax>131</ymax>
		</bndbox>
	</object>
</annotation>