<?xml version='1.0' encoding='utf8'?>
<annotation>
	<folder>zebra - 8</folder>
	<filename>VID_20181209_215744008.jpg</filename>
	<path>E:\迅雷下载\zebra - 8\zebra - 8\VID_20181209_215744008.jpg</path>
	<source>
		<database>Unknown</database>
	</source>
	<size>
		<width>1080</width>
		<height>1920</height>
		<depth>3</depth>
	</size>
	<segmented>0</segmented>
	<object>
		<name>zebra</name>
		<pose>Unspecified</pose>
		<truncated>0</truncated>
		<difficult>0</difficult>
		<bndbox>
			<xmin>2</xmin>
			<ymin>542</ymin>
			<xmax>950</xmax>
			<ymax>1196</ymax>
		</bndbox>
	</object>
	<object>
		<name>car</name>
		<difficult>0.5496767163276672</difficult>
		<bndbox>
			<xmin>1886</xmin>
			<ymin>699</ymin>
			<xmax>61</xmax>
			<ymax>179</ymax>
		</bndbox>
	</object>
</annotation>