<?xml version='1.0' encoding='utf8'?>
<annotation>
	<folder>zebra - 4</folder>
	<filename>VID_20181129_112616008.jpg</filename>
	<path>E:\Download\windows_v1.8.1\zebra - 4\VID_20181129_112616008.jpg</path>
	<source>
		<database>Unknown</database>
	</source>
	<size>
		<width>1080</width>
		<height>1920</height>
		<depth>3</depth>
	</size>
	<segmented>0</segmented>
	<object>
		<name>zebra</name>
		<pose>Unspecified</pose>
		<truncated>0</truncated>
		<difficult>0</difficult>
		<bndbox>
			<xmin>5</xmin>
			<ymin>450</ymin>
			<xmax>759</xmax>
			<ymax>530</ymax>
		</bndbox>
	</object>
	<object>
		<name>person</name>
		<difficult>0.6965948939323425</difficult>
		<bndbox>
			<xmin>1843</xmin>
			<ymin>738</ymin>
			<xmax>132</xmax>
			<ymax>403</ymax>
		</bndbox>
	</object>
	<object>
		<name>person</name>
		<difficult>0.5355094075202942</difficult>
		<bndbox>
			<xmin>853</xmin>
			<ymin>633</ymin>
			<xmax>82</xmax>
			<ymax>126</ymax>
		</bndbox>
	</object>
</annotation>