<?xml version='1.0' encoding='utf8'?>
<annotation>
	<folder>zebra - 2</folder>
	<filename>6849de5d18f22356.jpg</filename>
	<path>F:\work\dian\打标\doing\zebra - 2\6849de5d18f22356.jpg</path>
	<source>
		<database>Unknown</database>
	</source>
	<size>
		<width>1080</width>
		<height>1920</height>
		<depth>3</depth>
	</size>
	<segmented>0</segmented>
	<object>
		<name>zebra</name>
		<pose>Unspecified</pose>
		<truncated>0</truncated>
		<difficult>0</difficult>
		<bndbox>
			<xmin>11</xmin>
			<ymin>343</ymin>
			<xmax>1074</xmax>
			<ymax>973</ymax>
		</bndbox>
	</object>
	<object>
		<name>person</name>
		<difficult>0.5333172678947449</difficult>
		<bndbox>
			<xmin>1665</xmin>
			<ymin>679</ymin>
			<xmax>78</xmax>
			<ymax>149</ymax>
		</bndbox>
	</object>
</annotation>