<?xml version='1.0' encoding='utf8'?>
<annotation>
	<folder>zebra - 8</folder>
	<filename>VID_20181207_191620081.jpg</filename>
	<path>E:\迅雷下载\zebra - 8\zebra - 8\VID_20181207_191620081.jpg</path>
	<source>
		<database>Unknown</database>
	</source>
	<size>
		<width>1920</width>
		<height>1080</height>
		<depth>3</depth>
	</size>
	<segmented>0</segmented>
	<object>
		<name>traffic light</name>
		<pose>Unspecified</pose>
		<truncated>0</truncated>
		<difficult>0</difficult>
		<bndbox>
			<xmin>710</xmin>
			<ymin>592</ymin>
			<xmax>778</xmax>
			<ymax>684</ymax>
		</bndbox>
	</object>
	<object>
		<name>zebra</name>
		<pose>Unspecified</pose>
		<truncated>1</truncated>
		<difficult>0</difficult>
		<bndbox>
			<xmin>859</xmin>
			<ymin>784</ymin>
			<xmax>1920</xmax>
			<ymax>898</ymax>
		</bndbox>
	</object>
	<object>
		<name>person</name>
		<difficult>0.5943871140480042</difficult>
		<bndbox>
			<xmin>1578</xmin>
			<ymin>650</ymin>
			<xmax>99</xmax>
			<ymax>147</ymax>
		</bndbox>
	</object>
</annotation>