<?xml version='1.0' encoding='utf8'?>
<annotation>
	<folder>zebra - 7</folder>
	<filename>VID_20181205_072644002.jpg</filename>
	<path>E:\迅雷下载\zebra - 7\zebra - 7\VID_20181205_072644002.jpg</path>
	<source>
		<database>Unknown</database>
	</source>
	<size>
		<width>1920</width>
		<height>1080</height>
		<depth>3</depth>
	</size>
	<segmented>0</segmented>
	<object>
		<name>traffic light</name>
		<pose>Unspecified</pose>
		<truncated>0</truncated>
		<difficult>0</difficult>
		<bndbox>
			<xmin>880</xmin>
			<ymin>316</ymin>
			<xmax>911</xmax>
			<ymax>376</ymax>
		</bndbox>
	</object>
	<object>
		<name>zebra</name>
		<pose>Unspecified</pose>
		<truncated>0</truncated>
		<difficult>0</difficult>
		<bndbox>
			<xmin>810</xmin>
			<ymin>540</ymin>
			<xmax>918</xmax>
			<ymax>584</ymax>
		</bndbox>
	</object>
	<object>
		<name>car</name>
		<difficult>0.7574149370193481</difficult>
		<bndbox>
			<xmin>1074</xmin>
			<ymin>519</ymin>
			<xmax>283</xmax>
			<ymax>127</ymax>
		</bndbox>
	</object>
	<object>
		<name>person</name>
		<difficult>0.6715762615203857</difficult>
		<bndbox>
			<xmin>237</xmin>
			<ymin>581</ymin>
			<xmax>139</xmax>
			<ymax>277</ymax>
		</bndbox>
	</object>
</annotation>