<?xml version='1.0' encoding='utf8'?>
<annotation>
	<folder>zebra - 1</folder>
	<filename>50_斑马线 (2).jpg</filename>
	<path>F:\work\dian\打标\doing\zebra - 1\50_斑马线 (2).jpg</path>
	<source>
		<database>Unknown</database>
	</source>
	<size>
		<width>645</width>
		<height>480</height>
		<depth>3</depth>
	</size>
	<segmented>0</segmented>
	<object>
		<name>zebra</name>
		<pose>Unspecified</pose>
		<truncated>1</truncated>
		<difficult>0</difficult>
		<bndbox>
			<xmin>116</xmin>
			<ymin>79</ymin>
			<xmax>645</xmax>
			<ymax>468</ymax>
		</bndbox>
	</object>
	<object>
		<name>traffic light</name>
		<pose>Unspecified</pose>
		<truncated>0</truncated>
		<difficult>0</difficult>
		<bndbox>
			<xmin>160</xmin>
			<ymin>27</ymin>
			<xmax>176</xmax>
			<ymax>45</ymax>
		</bndbox>
	</object>
	<object>
		<name>person</name>
		<difficult>0.5657220482826233</difficult>
		<bndbox>
			<xmin>917</xmin>
			<ymin>843</ymin>
			<xmax>65</xmax>
			<ymax>127</ymax>
		</bndbox>
	</object>
</annotation>