<?xml version='1.0' encoding='utf8'?>
<annotation>
	<folder>zebra - 3</folder>
	<filename>VID_20181217_143851009.jpg</filename>
	<path>E:\迅雷下载\zebra - 3\zebra - 3\VID_20181217_143851009.jpg</path>
	<source>
		<database>Unknown</database>
	</source>
	<size>
		<width>1920</width>
		<height>1080</height>
		<depth>3</depth>
	</size>
	<segmented>0</segmented>
	<object>
		<name>zebra</name>
		<pose>Unspecified</pose>
		<truncated>1</truncated>
		<difficult>0</difficult>
		<bndbox>
			<xmin>1297</xmin>
			<ymin>334</ymin>
			<xmax>1920</xmax>
			<ymax>481</ymax>
		</bndbox>
	</object>
	<object>
		<name>zebra</name>
		<pose>Unspecified</pose>
		<truncated>1</truncated>
		<difficult>0</difficult>
		<bndbox>
			<xmin>2</xmin>
			<ymin>483</ymin>
			<xmax>1877</xmax>
			<ymax>1080</ymax>
		</bndbox>
	</object>
	<object>
		<name>person</name>
		<difficult>0.5373746156692505</difficult>
		<bndbox>
			<xmin>933</xmin>
			<ymin>871</ymin>
			<xmax>82</xmax>
			<ymax>121</ymax>
		</bndbox>
	</object>
</annotation>