<?xml version='1.0' encoding='utf8'?>
<annotation>
	<folder>zebra - 3</folder>
	<filename>traffic_light_110.jpg</filename>
	<path>E:\迅雷下载\zebra - 3\zebra - 3\traffic_light_110.jpg</path>
	<source>
		<database>Unknown</database>
	</source>
	<size>
		<width>1920</width>
		<height>1080</height>
		<depth>3</depth>
	</size>
	<segmented>0</segmented>
	<object>
		<name>stairs</name>
		<pose>Unspecified</pose>
		<truncated>0</truncated>
		<difficult>0</difficult>
		<bndbox>
			<xmin>872</xmin>
			<ymin>521</ymin>
			<xmax>1434</xmax>
			<ymax>570</ymax>
		</bndbox>
	</object>
	<object>
		<name>stairs</name>
		<pose>Unspecified</pose>
		<truncated>1</truncated>
		<difficult>0</difficult>
		<bndbox>
			<xmin>1516</xmin>
			<ymin>467</ymin>
			<xmax>1920</xmax>
			<ymax>518</ymax>
		</bndbox>
	</object>
	<object>
		<name>stairs</name>
		<pose>Unspecified</pose>
		<truncated>0</truncated>
		<difficult>0</difficult>
		<bndbox>
			<xmin>759</xmin>
			<ymin>562</ymin>
			<xmax>1846</xmax>
			<ymax>740</ymax>
		</bndbox>
	</object>
	<object>
		<name>car</name>
		<difficult>0.7917972207069397</difficult>
		<bndbox>
			<xmin>1063</xmin>
			<ymin>516</ymin>
			<xmax>269</xmax>
			<ymax>132</ymax>
		</bndbox>
	</object>
</annotation>