<?xml version='1.0' encoding='utf8'?>
<annotation>
	<folder>zebra - 4</folder>
	<filename>VID_20181129_112616025.jpg</filename>
	<path>E:\Download\windows_v1.8.1\zebra - 4\VID_20181129_112616025.jpg</path>
	<source>
		<database>Unknown</database>
	</source>
	<size>
		<width>1080</width>
		<height>1920</height>
		<depth>3</depth>
	</size>
	<segmented>0</segmented>
	<object>
		<name>zebra</name>
		<pose>Unspecified</pose>
		<truncated>0</truncated>
		<difficult>0</difficult>
		<bndbox>
			<xmin>289</xmin>
			<ymin>606</ymin>
			<xmax>1073</xmax>
			<ymax>1908</ymax>
		</bndbox>
	</object>
	<object>
		<name>person</name>
		<difficult>0.6716001033782959</difficult>
		<bndbox>
			<xmin>1836</xmin>
			<ymin>926</ymin>
			<xmax>131</xmax>
			<ymax>284</ymax>
		</bndbox>
	</object>
	<object>
		<name>person</name>
		<difficult>0.6077839732170105</difficult>
		<bndbox>
			<xmin>857</xmin>
			<ymin>793</ymin>
			<xmax>74</xmax>
			<ymax>126</ymax>
		</bndbox>
	</object>
</annotation>