<?xml version='1.0' encoding='utf8'?>
<annotation>
	<folder>zebra - 2</folder>
	<filename>IMG_20181127_144932.jpg</filename>
	<path>F:\work\dian\打标\doing\zebra - 2\IMG_20181127_144932.jpg</path>
	<source>
		<database>Unknown</database>
	</source>
	<size>
		<width>3456</width>
		<height>4608</height>
		<depth>3</depth>
	</size>
	<segmented>0</segmented>
	<object>
		<name>zebra</name>
		<pose>Unspecified</pose>
		<truncated>1</truncated>
		<difficult>0</difficult>
		<bndbox>
			<xmin>19</xmin>
			<ymin>781</ymin>
			<xmax>3456</xmax>
			<ymax>4138</ymax>
		</bndbox>
	</object>
	<object>
		<name>car</name>
		<difficult>0.7542807459831238</difficult>
		<bndbox>
			<xmin>1058</xmin>
			<ymin>534</ymin>
			<xmax>263</xmax>
			<ymax>129</ymax>
		</bndbox>
	</object>
	<object>
		<name>person</name>
		<difficult>0.6496589779853821</difficult>
		<bndbox>
			<xmin>245</xmin>
			<ymin>569</ymin>
			<xmax>148</xmax>
			<ymax>270</ymax>
		</bndbox>
	</object>
</annotation>