<?xml version='1.0' encoding='utf8'?>
<annotation>
	<folder>zebra - 7</folder>
	<filename>VID_20181207_191027014.jpg</filename>
	<path>E:\迅雷下载\zebra - 7\zebra - 7\VID_20181207_191027014.jpg</path>
	<source>
		<database>Unknown</database>
	</source>
	<size>
		<width>1920</width>
		<height>1080</height>
		<depth>3</depth>
	</size>
	<segmented>0</segmented>
	<object>
		<name>traffic light</name>
		<pose>Unspecified</pose>
		<truncated>0</truncated>
		<difficult>0</difficult>
		<bndbox>
			<xmin>313</xmin>
			<ymin>186</ymin>
			<xmax>388</xmax>
			<ymax>349</ymax>
		</bndbox>
	</object>
	<object>
		<name>traffic light</name>
		<pose>Unspecified</pose>
		<truncated>0</truncated>
		<difficult>0</difficult>
		<bndbox>
			<xmin>1426</xmin>
			<ymin>5</ymin>
			<xmax>1784</xmax>
			<ymax>91</ymax>
		</bndbox>
	</object>
	<object>
		<name>zebra</name>
		<pose>Unspecified</pose>
		<truncated>0</truncated>
		<difficult>0</difficult>
		<bndbox>
			<xmin>856</xmin>
			<ymin>508</ymin>
			<xmax>1884</xmax>
			<ymax>630</ymax>
		</bndbox>
	</object>
	<object>
		<name>car</name>
		<difficult>0.7780141234397888</difficult>
		<bndbox>
			<xmin>1813</xmin>
			<ymin>451</ymin>
			<xmax>251</xmax>
			<ymax>202</ymax>
		</bndbox>
	</object>
	<object>
		<name>car</name>
		<difficult>0.734016478061676</difficult>
		<bndbox>
			<xmin>909</xmin>
			<ymin>515</ymin>
			<xmax>321</xmax>
			<ymax>123</ymax>
		</bndbox>
	</object>
</annotation>