<?xml version='1.0' encoding='utf8'?>
<annotation>
	<folder>zebra - 6</folder>
	<filename>VID_20181205_124659 183.jpg</filename>
	<path>E:\Download\windows_v1.8.1\zebra - 6\VID_20181205_124659 183.jpg</path>
	<source>
		<database>Unknown</database>
	</source>
	<size>
		<width>1280</width>
		<height>720</height>
		<depth>3</depth>
	</size>
	<segmented>0</segmented>
	<object>
		<name>zebra</name>
		<pose>Unspecified</pose>
		<truncated>0</truncated>
		<difficult>0</difficult>
		<bndbox>
			<xmin>15</xmin>
			<ymin>127</ymin>
			<xmax>723</xmax>
			<ymax>222</ymax>
		</bndbox>
	</object>
	<object>
		<name>car</name>
		<difficult>0.7335343956947327</difficult>
		<bndbox>
			<xmin>1060</xmin>
			<ymin>536</ymin>
			<xmax>261</xmax>
			<ymax>126</ymax>
		</bndbox>
	</object>
	<object>
		<name>person</name>
		<difficult>0.6314306259155273</difficult>
		<bndbox>
			<xmin>241</xmin>
			<ymin>569</ymin>
			<xmax>161</xmax>
			<ymax>283</ymax>
		</bndbox>
	</object>
</annotation>