<?xml version='1.0' encoding='utf8'?>
<annotation>
	<folder>zebra - 6</folder>
	<filename>VID_20181205_124358 212.jpg</filename>
	<path>E:\Download\windows_v1.8.1\zebra - 6\VID_20181205_124358 212.jpg</path>
	<source>
		<database>Unknown</database>
	</source>
	<size>
		<width>1280</width>
		<height>720</height>
		<depth>3</depth>
	</size>
	<segmented>0</segmented>
	<object>
		<name>zebra</name>
		<pose>Unspecified</pose>
		<truncated>1</truncated>
		<difficult>0</difficult>
		<bndbox>
			<xmin>132</xmin>
			<ymin>72</ymin>
			<xmax>1247</xmax>
			<ymax>720</ymax>
		</bndbox>
	</object>
	<object>
		<name>car</name>
		<difficult>0.7768675684928894</difficult>
		<bndbox>
			<xmin>1098</xmin>
			<ymin>519</ymin>
			<xmax>270</xmax>
			<ymax>130</ymax>
		</bndbox>
	</object>
	<object>
		<name>person</name>
		<difficult>0.6147003173828125</difficult>
		<bndbox>
			<xmin>237</xmin>
			<ymin>587</ymin>
			<xmax>139</xmax>
			<ymax>260</ymax>
		</bndbox>
	</object>
</annotation>