<?xml version='1.0' encoding='utf8'?>
<annotation>
	<folder>star</folder>
	<filename>hearing-zebra-141.jpg</filename>
	<path>E:\Download\windows_v1.8.1\star\hearing-zebra-141.jpg</path>
	<source>
		<database>Unknown</database>
	</source>
	<size>
		<width>500</width>
		<height>308</height>
		<depth>3</depth>
	</size>
	<segmented>0</segmented>
	<object>
		<name>zebra</name>
		<pose>Unspecified</pose>
		<truncated>1</truncated>
		<difficult>0</difficult>
		<bndbox>
			<xmin>29</xmin>
			<ymin>1</ymin>
			<xmax>500</xmax>
			<ymax>280</ymax>
		</bndbox>
	</object>
	<object>
		<name>person</name>
		<difficult>0.7215602397918701</difficult>
		<bndbox>
			<xmin>1829</xmin>
			<ymin>869</ymin>
			<xmax>133</xmax>
			<ymax>319</ymax>
		</bndbox>
	</object>
	<object>
		<name>person</name>
		<difficult>0.6134042143821716</difficult>
		<bndbox>
			<xmin>838</xmin>
			<ymin>745</ymin>
			<xmax>84</xmax>
			<ymax>144</ymax>
		</bndbox>
	</object>
</annotation>