<?xml version='1.0' encoding='utf8'?>
<annotation>
	<folder>zebra - 7</folder>
	<filename>VID_20181207_191620041.jpg</filename>
	<path>E:\迅雷下载\zebra - 7\zebra - 7\VID_20181207_191620041.jpg</path>
	<source>
		<database>Unknown</database>
	</source>
	<size>
		<width>1920</width>
		<height>1080</height>
		<depth>3</depth>
	</size>
	<segmented>0</segmented>
	<object>
		<name>traffic light</name>
		<pose>Unspecified</pose>
		<truncated>0</truncated>
		<difficult>0</difficult>
		<bndbox>
			<xmin>1399</xmin>
			<ymin>176</ymin>
			<xmax>1505</xmax>
			<ymax>300</ymax>
		</bndbox>
	</object>
	<object>
		<name>car</name>
		<difficult>0.6041213274002075</difficult>
		<bndbox>
			<xmin>1850</xmin>
			<ymin>575</ymin>
			<xmax>121</xmax>
			<ymax>177</ymax>
		</bndbox>
	</object>
	<object>
		<name>person</name>
		<difficult>0.5214560627937317</difficult>
		<bndbox>
			<xmin>963</xmin>
			<ymin>624</ymin>
			<xmax>104</xmax>
			<ymax>124</ymax>
		</bndbox>
	</object>
</annotation>