<?xml version='1.0' encoding='utf8'?>
<annotation>
	<folder>zebra - 2</folder>
	<filename>IMG_20181127_145609.jpg</filename>
	<path>F:\work\dian\打标\doing\zebra - 2\IMG_20181127_145609.jpg</path>
	<source>
		<database>Unknown</database>
	</source>
	<size>
		<width>3456</width>
		<height>4608</height>
		<depth>3</depth>
	</size>
	<segmented>0</segmented>
	<object>
		<name>zebra</name>
		<pose>Unspecified</pose>
		<truncated>0</truncated>
		<difficult>0</difficult>
		<bndbox>
			<xmin>30</xmin>
			<ymin>1292</ymin>
			<xmax>3413</xmax>
			<ymax>2948</ymax>
		</bndbox>
	</object>
	<object>
		<name>person</name>
		<difficult>0.7023146748542786</difficult>
		<bndbox>
			<xmin>1864</xmin>
			<ymin>729</ymin>
			<xmax>118</xmax>
			<ymax>347</ymax>
		</bndbox>
	</object>
	<object>
		<name>person</name>
		<difficult>0.5448276400566101</difficult>
		<bndbox>
			<xmin>850</xmin>
			<ymin>623</ymin>
			<xmax>101</xmax>
			<ymax>126</ymax>
		</bndbox>
	</object>
</annotation>