<?xml version='1.0' encoding='utf8'?>
<annotation>
	<folder>zebra - 8</folder>
	<filename>VID_20181207_191620092.jpg</filename>
	<path>E:\迅雷下载\zebra - 8\zebra - 8\VID_20181207_191620092.jpg</path>
	<source>
		<database>Unknown</database>
	</source>
	<size>
		<width>1920</width>
		<height>1080</height>
		<depth>3</depth>
	</size>
	<segmented>0</segmented>
	<object>
		<name>zebra</name>
		<pose>Unspecified</pose>
		<truncated>0</truncated>
		<difficult>0</difficult>
		<bndbox>
			<xmin>1053</xmin>
			<ymin>632</ymin>
			<xmax>1881</xmax>
			<ymax>751</ymax>
		</bndbox>
	</object>
</annotation>