<?xml version='1.0' encoding='utf8'?>
<annotation>
	<folder>zebra - 4</folder>
	<filename>traffic_light_477.jpg</filename>
	<path>E:\Download\windows_v1.8.1\zebra - 4\traffic_light_477.jpg</path>
	<source>
		<database>Unknown</database>
	</source>
	<size>
		<width>1920</width>
		<height>1080</height>
		<depth>3</depth>
	</size>
	<segmented>0</segmented>
	<object>
		<name>zebra</name>
		<pose>Unspecified</pose>
		<truncated>1</truncated>
		<difficult>0</difficult>
		<bndbox>
			<xmin>1</xmin>
			<ymin>858</ymin>
			<xmax>534</xmax>
			<ymax>1061</ymax>
		</bndbox>
	</object>
	<object>
		<name>zebra</name>
		<pose>Unspecified</pose>
		<truncated>1</truncated>
		<difficult>0</difficult>
		<bndbox>
			<xmin>669</xmin>
			<ymin>786</ymin>
			<xmax>1918</xmax>
			<ymax>1080</ymax>
		</bndbox>
	</object>
	<object>
		<name>zebra</name>
		<pose>Unspecified</pose>
		<truncated>0</truncated>
		<difficult>0</difficult>
		<bndbox>
			<xmin>439</xmin>
			<ymin>739</ymin>
			<xmax>1079</xmax>
			<ymax>867</ymax>
		</bndbox>
	</object>
	<object>
		<name>zebra</name>
		<pose>Unspecified</pose>
		<truncated>1</truncated>
		<difficult>0</difficult>
		<bndbox>
			<xmin>1457</xmin>
			<ymin>680</ymin>
			<xmax>1920</xmax>
			<ymax>800</ymax>
		</bndbox>
	</object>
	<object>
		<name>car</name>
		<difficult>0.6193714141845703</difficult>
		<bndbox>
			<xmin>1852</xmin>
			<ymin>577</ymin>
			<xmax>107</xmax>
			<ymax>160</ymax>
		</bndbox>
	</object>
	<object>
		<name>person</name>
		<difficult>0.583716869354248</difficult>
		<bndbox>
			<xmin>985</xmin>
			<ymin>625</ymin>
			<xmax>95</xmax>
			<ymax>126</ymax>
		</bndbox>
	</object>
</annotation>