<?xml version='1.0' encoding='utf8'?>
<annotation>
	<folder>zebra - 4</folder>
	<filename>VID_20181129_112616024.jpg</filename>
	<path>E:\Download\windows_v1.8.1\zebra - 4\VID_20181129_112616024.jpg</path>
	<source>
		<database>Unknown</database>
	</source>
	<size>
		<width>1080</width>
		<height>1920</height>
		<depth>3</depth>
	</size>
	<segmented>0</segmented>
	<object>
		<name>zebra</name>
		<pose>Unspecified</pose>
		<truncated>1</truncated>
		<difficult>0</difficult>
		<bndbox>
			<xmin>1</xmin>
			<ymin>581</ymin>
			<xmax>1067</xmax>
			<ymax>1906</ymax>
		</bndbox>
	</object>
	<object>
		<name>person</name>
		<difficult>0.6355080604553223</difficult>
		<bndbox>
			<xmin>906</xmin>
			<ymin>815</ymin>
			<xmax>71</xmax>
			<ymax>143</ymax>
		</bndbox>
	</object>
</annotation>