<?xml version='1.0' encoding='utf8'?>
<annotation>
	<folder>zebra - 2</folder>
	<filename>177_斑马线.jpg</filename>
	<path>F:\work\dian\打标\doing\zebra - 2\177_斑马线.jpg</path>
	<source>
		<database>Unknown</database>
	</source>
	<size>
		<width>700</width>
		<height>394</height>
		<depth>3</depth>
	</size>
	<segmented>0</segmented>
	<object>
		<name>zebra</name>
		<pose>Unspecified</pose>
		<truncated>1</truncated>
		<difficult>0</difficult>
		<bndbox>
			<xmin>1</xmin>
			<ymin>109</ymin>
			<xmax>598</xmax>
			<ymax>295</ymax>
		</bndbox>
	</object>
	<object>
		<name>person</name>
		<difficult>0.7117965221405029</difficult>
		<bndbox>
			<xmin>1842</xmin>
			<ymin>791</ymin>
			<xmax>133</xmax>
			<ymax>294</ymax>
		</bndbox>
	</object>
	<object>
		<name>person</name>
		<difficult>0.5468974113464355</difficult>
		<bndbox>
			<xmin>845</xmin>
			<ymin>666</ymin>
			<xmax>95</xmax>
			<ymax>141</ymax>
		</bndbox>
	</object>
</annotation>