<?xml version='1.0' encoding='utf8'?>
<annotation>
	<folder>zebra - 3</folder>
	<filename>traffic_light_111.jpg</filename>
	<path>E:\迅雷下载\zebra - 3\zebra - 3\traffic_light_111.jpg</path>
	<source>
		<database>Unknown</database>
	</source>
	<size>
		<width>1920</width>
		<height>1080</height>
		<depth>3</depth>
	</size>
	<segmented>0</segmented>
	<object>
		<name>stairs</name>
		<pose>Unspecified</pose>
		<truncated>0</truncated>
		<difficult>0</difficult>
		<bndbox>
			<xmin>840</xmin>
			<ymin>518</ymin>
			<xmax>1408</xmax>
			<ymax>576</ymax>
		</bndbox>
	</object>
	<object>
		<name>stairs</name>
		<pose>Unspecified</pose>
		<truncated>1</truncated>
		<difficult>0</difficult>
		<bndbox>
			<xmin>1437</xmin>
			<ymin>465</ymin>
			<xmax>1920</xmax>
			<ymax>512</ymax>
		</bndbox>
	</object>
	<object>
		<name>stairs</name>
		<pose>Unspecified</pose>
		<truncated>0</truncated>
		<difficult>0</difficult>
		<bndbox>
			<xmin>718</xmin>
			<ymin>570</ymin>
			<xmax>1789</xmax>
			<ymax>740</ymax>
		</bndbox>
	</object>
	<object>
		<name>car</name>
		<difficult>0.7854108214378357</difficult>
		<bndbox>
			<xmin>1086</xmin>
			<ymin>520</ymin>
			<xmax>278</xmax>
			<ymax>136</ymax>
		</bndbox>
	</object>
	<object>
		<name>person</name>
		<difficult>0.6560388207435608</difficult>
		<bndbox>
			<xmin>245</xmin>
			<ymin>582</ymin>
			<xmax>144</xmax>
			<ymax>285</ymax>
		</bndbox>
	</object>
</annotation>