<?xml version='1.0' encoding='utf8'?>
<annotation>
	<folder>star</folder>
	<filename>hearing-zebra-9.jpg</filename>
	<path>E:\Download\windows_v1.8.1\star\hearing-zebra-9.jpg</path>
	<source>
		<database>Unknown</database>
	</source>
	<size>
		<width>500</width>
		<height>380</height>
		<depth>3</depth>
	</size>
	<segmented>0</segmented>
	<object>
		<name>zebra</name>
		<pose>Unspecified</pose>
		<truncated>1</truncated>
		<difficult>0</difficult>
		<bndbox>
			<xmin>8</xmin>
			<ymin>1</ymin>
			<xmax>497</xmax>
			<ymax>360</ymax>
		</bndbox>
	</object>
	<object>
		<name>person</name>
		<difficult>0.66134113073349</difficult>
		<bndbox>
			<xmin>1836</xmin>
			<ymin>894</ymin>
			<xmax>126</xmax>
			<ymax>351</ymax>
		</bndbox>
	</object>
	<object>
		<name>person</name>
		<difficult>0.6520241498947144</difficult>
		<bndbox>
			<xmin>849</xmin>
			<ymin>774</ymin>
			<xmax>82</xmax>
			<ymax>133</ymax>
		</bndbox>
	</object>
</annotation>