<?xml version='1.0' encoding='utf8'?>
<annotation>
	<folder>zebra - 2</folder>
	<filename>132_斑马线.jpg</filename>
	<path>F:\work\dian\打标\doing\zebra - 2\132_斑马线.jpg</path>
	<source>
		<database>Unknown</database>
	</source>
	<size>
		<width>400</width>
		<height>299</height>
		<depth>3</depth>
	</size>
	<segmented>0</segmented>
	<object>
		<name>zebra</name>
		<pose>Unspecified</pose>
		<truncated>1</truncated>
		<difficult>0</difficult>
		<bndbox>
			<xmin>1</xmin>
			<ymin>143</ymin>
			<xmax>399</xmax>
			<ymax>299</ymax>
		</bndbox>
	</object>
	<object>
		<name>car</name>
		<difficult>0.7219619154930115</difficult>
		<bndbox>
			<xmin>1055</xmin>
			<ymin>533</ymin>
			<xmax>260</xmax>
			<ymax>119</ymax>
		</bndbox>
	</object>
	<object>
		<name>person</name>
		<difficult>0.6535674333572388</difficult>
		<bndbox>
			<xmin>230</xmin>
			<ymin>564</ymin>
			<xmax>159</xmax>
			<ymax>297</ymax>
		</bndbox>
	</object>
</annotation>