<?xml version='1.0' encoding='utf8'?>
<annotation>
	<folder>zebra - 1</folder>
	<filename>47_斑马线.jpg</filename>
	<path>F:\work\dian\打标\doing\zebra - 1\47_斑马线.jpg</path>
	<source>
		<database>Unknown</database>
	</source>
	<size>
		<width>906</width>
		<height>421</height>
		<depth>3</depth>
	</size>
	<segmented>0</segmented>
	<object>
		<name>zebra</name>
		<pose>Unspecified</pose>
		<truncated>0</truncated>
		<difficult>0</difficult>
		<bndbox>
			<xmin>4</xmin>
			<ymin>2</ymin>
			<xmax>902</xmax>
			<ymax>419</ymax>
		</bndbox>
	</object>
	<object>
		<name>person</name>
		<difficult>0.6129159331321716</difficult>
		<bndbox>
			<xmin>936</xmin>
			<ymin>878</ymin>
			<xmax>82</xmax>
			<ymax>125</ymax>
		</bndbox>
	</object>
</annotation>