<?xml version='1.0' encoding='utf8'?>
<annotation>
	<folder>zebra</folder>
	<filename>Bracka-Nawrockiego.jpg</filename>
	<path>E:\迅雷下载\zebra\Bracka-Nawrockiego.jpg</path>
	<source>
		<database>Unknown</database>
	</source>
	<size>
		<width>700</width>
		<height>420</height>
		<depth>3</depth>
	</size>
	<segmented>0</segmented>
	<object>
		<name>zebra</name>
		<pose>Unspecified</pose>
		<truncated>0</truncated>
		<difficult>0</difficult>
		<bndbox>
			<xmin>164</xmin>
			<ymin>126</ymin>
			<xmax>456</xmax>
			<ymax>156</ymax>
		</bndbox>
	</object>
	<object>
		<name>zebra</name>
		<pose>Unspecified</pose>
		<truncated>0</truncated>
		<difficult>0</difficult>
		<bndbox>
			<xmin>43</xmin>
			<ymin>160</ymin>
			<xmax>642</xmax>
			<ymax>262</ymax>
		</bndbox>
	</object>
	<object>
		<name>car</name>
		<difficult>0.7615221738815308</difficult>
		<bndbox>
			<xmin>1062</xmin>
			<ymin>526</ymin>
			<xmax>284</xmax>
			<ymax>132</ymax>
		</bndbox>
	</object>
	<object>
		<name>person</name>
		<difficult>0.7236001491546631</difficult>
		<bndbox>
			<xmin>244</xmin>
			<ymin>576</ymin>
			<xmax>156</xmax>
			<ymax>285</ymax>
		</bndbox>
	</object>
</annotation>