<?xml version='1.0' encoding='utf8'?>
<annotation>
	<folder>zebra - 1</folder>
	<filename>40_斑马线 (2).jpg</filename>
	<path>F:\work\dian\打标\doing\zebra - 1\40_斑马线 (2).jpg</path>
	<source>
		<database>Unknown</database>
	</source>
	<size>
		<width>2500</width>
		<height>1663</height>
		<depth>3</depth>
	</size>
	<segmented>0</segmented>
	<object>
		<name>zebra</name>
		<pose>Unspecified</pose>
		<truncated>0</truncated>
		<difficult>0</difficult>
		<bndbox>
			<xmin>911</xmin>
			<ymin>1102</ymin>
			<xmax>2494</xmax>
			<ymax>1657</ymax>
		</bndbox>
	</object>
	<object>
		<name>traffic light</name>
		<pose>Unspecified</pose>
		<truncated>0</truncated>
		<difficult>0</difficult>
		<bndbox>
			<xmin>248</xmin>
			<ymin>13</ymin>
			<xmax>424</xmax>
			<ymax>178</ymax>
		</bndbox>
	</object>
	<object>
		<name>traffic light</name>
		<pose>Unspecified</pose>
		<truncated>0</truncated>
		<difficult>0</difficult>
		<bndbox>
			<xmin>456</xmin>
			<ymin>150</ymin>
			<xmax>595</xmax>
			<ymax>334</ymax>
		</bndbox>
	</object>
	<object>
		<name>car</name>
		<difficult>0.7447893023490906</difficult>
		<bndbox>
			<xmin>1050</xmin>
			<ymin>512</ymin>
			<xmax>306</xmax>
			<ymax>134</ymax>
		</bndbox>
	</object>
</annotation>