<?xml version='1.0' encoding='utf8'?>
<annotation>
	<folder>zebra</folder>
	<filename>VID_20181217_000632.mp4(825).jpg</filename>
	<path>E:\迅雷下载\zebra\VID_20181217_000632.mp4(825).jpg</path>
	<source>
		<database>Unknown</database>
	</source>
	<size>
		<width>1080</width>
		<height>1920</height>
		<depth>3</depth>
	</size>
	<segmented>0</segmented>
	<object>
		<name>zebra</name>
		<pose>Unspecified</pose>
		<truncated>1</truncated>
		<difficult>0</difficult>
		<bndbox>
			<xmin>802</xmin>
			<ymin>400</ymin>
			<xmax>1080</xmax>
			<ymax>635</ymax>
		</bndbox>
	</object>
	<object>
		<name>stairs</name>
		<pose>Unspecified</pose>
		<truncated>1</truncated>
		<difficult>0</difficult>
		<bndbox>
			<xmin>1</xmin>
			<ymin>804</ymin>
			<xmax>1080</xmax>
			<ymax>1769</ymax>
		</bndbox>
	</object>
	<object>
		<name>person</name>
		<difficult>0.5636340975761414</difficult>
		<bndbox>
			<xmin>977</xmin>
			<ymin>885</ymin>
			<xmax>78</xmax>
			<ymax>144</ymax>
		</bndbox>
	</object>
</annotation>