<?xml version='1.0' encoding='utf8'?>
<annotation>
	<folder>zebra - 4</folder>
	<filename>traffic_light_502.jpg</filename>
	<path>E:\Download\windows_v1.8.1\zebra - 4\traffic_light_502.jpg</path>
	<source>
		<database>Unknown</database>
	</source>
	<size>
		<width>1920</width>
		<height>1080</height>
		<depth>3</depth>
	</size>
	<segmented>0</segmented>
	<object>
		<name>zebra</name>
		<pose>Unspecified</pose>
		<truncated>0</truncated>
		<difficult>0</difficult>
		<bndbox>
			<xmin>850</xmin>
			<ymin>711</ymin>
			<xmax>1517</xmax>
			<ymax>786</ymax>
		</bndbox>
	</object>
	<object>
		<name>zebra</name>
		<pose>Unspecified</pose>
		<truncated>0</truncated>
		<difficult>0</difficult>
		<bndbox>
			<xmin>116</xmin>
			<ymin>791</ymin>
			<xmax>1819</xmax>
			<ymax>1074</ymax>
		</bndbox>
	</object>
	<object>
		<name>zebra</name>
		<pose>Unspecified</pose>
		<truncated>0</truncated>
		<difficult>0</difficult>
		<bndbox>
			<xmin>13</xmin>
			<ymin>705</ymin>
			<xmax>532</xmax>
			<ymax>786</ymax>
		</bndbox>
	</object>
	<object>
		<name>person</name>
		<difficult>0.6555697917938232</difficult>
		<bndbox>
			<xmin>1839</xmin>
			<ymin>778</ymin>
			<xmax>134</xmax>
			<ymax>334</ymax>
		</bndbox>
	</object>
	<object>
		<name>person</name>
		<difficult>0.5731171369552612</difficult>
		<bndbox>
			<xmin>844</xmin>
			<ymin>645</ymin>
			<xmax>92</xmax>
			<ymax>148</ymax>
		</bndbox>
	</object>
</annotation>