<?xml version='1.0' encoding='utf8'?>
<annotation>
	<folder>zebra - 1</folder>
	<filename>86_斑马线 (2).jpg</filename>
	<path>F:\work\dian\打标\doing\zebra - 1\86_斑马线 (2).jpg</path>
	<source>
		<database>Unknown</database>
	</source>
	<size>
		<width>500</width>
		<height>332</height>
		<depth>3</depth>
	</size>
	<segmented>0</segmented>
	<object>
		<name>zebra</name>
		<pose>Unspecified</pose>
		<truncated>0</truncated>
		<difficult>0</difficult>
		<bndbox>
			<xmin>5</xmin>
			<ymin>35</ymin>
			<xmax>499</xmax>
			<ymax>331</ymax>
		</bndbox>
	</object>
	<object>
		<name>car</name>
		<difficult>0.7910714149475098</difficult>
		<bndbox>
			<xmin>1001</xmin>
			<ymin>531</ymin>
			<xmax>271</xmax>
			<ymax>130</ymax>
		</bndbox>
	</object>
	<object>
		<name>person</name>
		<difficult>0.6660677194595337</difficult>
		<bndbox>
			<xmin>1765</xmin>
			<ymin>588</ymin>
			<xmax>254</xmax>
			<ymax>359</ymax>
		</bndbox>
	</object>
	<object>
		<name>person</name>
		<difficult>0.6016069054603577</difficult>
		<bndbox>
			<xmin>218</xmin>
			<ymin>555</ymin>
			<xmax>177</xmax>
			<ymax>297</ymax>
		</bndbox>
	</object>
</annotation>