<?xml version='1.0' encoding='utf8'?>
<annotation>
	<folder>star</folder>
	<filename>hearing-zebra-43.jpg</filename>
	<path>E:\Download\windows_v1.8.1\star\hearing-zebra-43.jpg</path>
	<source>
		<database>Unknown</database>
	</source>
	<size>
		<width>500</width>
		<height>315</height>
		<depth>3</depth>
	</size>
	<segmented>0</segmented>
	<object>
		<name>zebra</name>
		<pose>Unspecified</pose>
		<truncated>0</truncated>
		<difficult>0</difficult>
		<bndbox>
			<xmin>6</xmin>
			<ymin>238</ymin>
			<xmax>498</xmax>
			<ymax>313</ymax>
		</bndbox>
	</object>
	<object>
		<name>person</name>
		<difficult>0.6428489685058594</difficult>
		<bndbox>
			<xmin>227</xmin>
			<ymin>566</ymin>
			<xmax>161</xmax>
			<ymax>316</ymax>
		</bndbox>
	</object>
	<object>
		<name>car</name>
		<difficult>0.6304405927658081</difficult>
		<bndbox>
			<xmin>1003</xmin>
			<ymin>529</ymin>
			<xmax>238</xmax>
			<ymax>128</ymax>
		</bndbox>
	</object>
	<object>
		<name>person</name>
		<difficult>0.5945591926574707</difficult>
		<bndbox>
			<xmin>1830</xmin>
			<ymin>585</ymin>
			<xmax>187</xmax>
			<ymax>410</ymax>
		</bndbox>
	</object>
</annotation>