<?xml version='1.0' encoding='utf8'?>
<annotation>
	<folder>zebra - 6</folder>
	<filename>VID_20181205_124659 153.jpg</filename>
	<path>E:\Download\windows_v1.8.1\zebra - 6\VID_20181205_124659 153.jpg</path>
	<source>
		<database>Unknown</database>
	</source>
	<size>
		<width>1280</width>
		<height>720</height>
		<depth>3</depth>
	</size>
	<segmented>0</segmented>
	<object>
		<name>zebra</name>
		<pose>Unspecified</pose>
		<truncated>1</truncated>
		<difficult>0</difficult>
		<bndbox>
			<xmin>20</xmin>
			<ymin>170</ymin>
			<xmax>1263</xmax>
			<ymax>720</ymax>
		</bndbox>
	</object>
	<object>
		<name>car</name>
		<difficult>0.7820971608161926</difficult>
		<bndbox>
			<xmin>1094</xmin>
			<ymin>523</ymin>
			<xmax>270</xmax>
			<ymax>134</ymax>
		</bndbox>
	</object>
	<object>
		<name>person</name>
		<difficult>0.6527702808380127</difficult>
		<bndbox>
			<xmin>251</xmin>
			<ymin>584</ymin>
			<xmax>135</xmax>
			<ymax>274</ymax>
		</bndbox>
	</object>
</annotation>