<?xml version='1.0' encoding='utf8'?>
<annotation>
	<folder>lj</folder>
	<filename>236c67c1e089b3ccbdcd14185183036a.jpg</filename>
	<path>E:\Download\windows_v1.8.1\lj\236c67c1e089b3ccbdcd14185183036a.jpg</path>
	<source>
		<database>Unknown</database>
	</source>
	<size>
		<width>1200</width>
		<height>800</height>
		<depth>3</depth>
	</size>
	<segmented>0</segmented>
	<object>
		<name>zebra</name>
		<pose>Unspecified</pose>
		<truncated>1</truncated>
		<difficult>0</difficult>
		<bndbox>
			<xmin>39</xmin>
			<ymin>11</ymin>
			<xmax>1190</xmax>
			<ymax>800</ymax>
		</bndbox>
	</object>
</annotation>