<?xml version='1.0' encoding='utf8'?>
<annotation>
	<folder>zebra - 1</folder>
	<filename>57_斑马线.jpg</filename>
	<path>F:\work\dian\打标\doing\zebra - 1\57_斑马线.jpg</path>
	<source>
		<database>Unknown</database>
	</source>
	<size>
		<width>0</width>
		<height>0</height>
		<depth>3</depth>
	</size>
	<segmented>0</segmented>
	<object>
		<name>zebra</name>
		<pose>Unspecified</pose>
		<truncated>0</truncated>
		<difficult>0</difficult>
		<bndbox>
			<xmin>2</xmin>
			<ymin>91</ymin>
			<xmax>422</xmax>
			<ymax>182</ymax>
		</bndbox>
	</object>
	<object>
		<name>zebra</name>
		<pose>Unspecified</pose>
		<truncated>0</truncated>
		<difficult>0</difficult>
		<bndbox>
			<xmin>460</xmin>
			<ymin>178</ymin>
			<xmax>558</xmax>
			<ymax>278</ymax>
		</bndbox>
	</object>
	<object>
		<name>person</name>
		<difficult>0.5375812649726868</difficult>
		<bndbox>
			<xmin>1854</xmin>
			<ymin>729</ymin>
			<xmax>124</xmax>
			<ymax>381</ymax>
		</bndbox>
	</object>
	<object>
		<name>person</name>
		<difficult>0.5056037902832031</difficult>
		<bndbox>
			<xmin>843</xmin>
			<ymin>625</ymin>
			<xmax>107</xmax>
			<ymax>127</ymax>
		</bndbox>
	</object>
</annotation>