<?xml version='1.0' encoding='utf8'?>
<annotation>
	<folder>zebra - 2</folder>
	<filename>152_斑马线 (2).jpg</filename>
	<path>F:\work\dian\打标\doing\zebra - 2\152_斑马线 (2).jpg</path>
	<source>
		<database>Unknown</database>
	</source>
	<size>
		<width>1200</width>
		<height>800</height>
		<depth>3</depth>
	</size>
	<segmented>0</segmented>
	<object>
		<name>zebra</name>
		<pose>Unspecified</pose>
		<truncated>1</truncated>
		<difficult>0</difficult>
		<bndbox>
			<xmin>4</xmin>
			<ymin>4</ymin>
			<xmax>1196</xmax>
			<ymax>800</ymax>
		</bndbox>
	</object>
	<object>
		<name>person</name>
		<difficult>0.6776648163795471</difficult>
		<bndbox>
			<xmin>1840</xmin>
			<ymin>802</ymin>
			<xmax>137</xmax>
			<ymax>310</ymax>
		</bndbox>
	</object>
	<object>
		<name>person</name>
		<difficult>0.5575928092002869</difficult>
		<bndbox>
			<xmin>851</xmin>
			<ymin>688</ymin>
			<xmax>83</xmax>
			<ymax>152</ymax>
		</bndbox>
	</object>
</annotation>