<?xml version='1.0' encoding='utf8'?>
<annotation>
	<folder>zebra - 2</folder>
	<filename>191_斑马线 (2).jpg</filename>
	<path>F:\work\dian\打标\doing\zebra - 2\191_斑马线 (2).jpg</path>
	<source>
		<database>Unknown</database>
	</source>
	<size>
		<width>500</width>
		<height>375</height>
		<depth>3</depth>
	</size>
	<segmented>0</segmented>
	<object>
		<name>zebra</name>
		<pose>Unspecified</pose>
		<truncated>1</truncated>
		<difficult>0</difficult>
		<bndbox>
			<xmin>3</xmin>
			<ymin>167</ymin>
			<xmax>300</xmax>
			<ymax>375</ymax>
		</bndbox>
	</object>
	<object>
		<name>person</name>
		<difficult>0.6713147759437561</difficult>
		<bndbox>
			<xmin>1002</xmin>
			<ymin>891</ymin>
			<xmax>84</xmax>
			<ymax>155</ymax>
		</bndbox>
	</object>
</annotation>