<?xml version='1.0' encoding='utf8'?>
<annotation>
	<folder>star</folder>
	<filename>hearing-zebra-152.jpg</filename>
	<path>E:\Download\windows_v1.8.1\star\hearing-zebra-152.jpg</path>
	<source>
		<database>Unknown</database>
	</source>
	<size>
		<width>500</width>
		<height>481</height>
		<depth>3</depth>
	</size>
	<segmented>0</segmented>
	<object>
		<name>zebra</name>
		<pose>Unspecified</pose>
		<truncated>1</truncated>
		<difficult>0</difficult>
		<bndbox>
			<xmin>5</xmin>
			<ymin>283</ymin>
			<xmax>472</xmax>
			<ymax>481</ymax>
		</bndbox>
	</object>
	<object>
		<name>person</name>
		<difficult>0.5512133240699768</difficult>
		<bndbox>
			<xmin>960</xmin>
			<ymin>883</ymin>
			<xmax>117</xmax>
			<ymax>124</ymax>
		</bndbox>
	</object>
</annotation>