<?xml version='1.0' encoding='utf8'?>
<annotation>
	<folder>zebra - 3</folder>
	<filename>VID_20181217_144352001.jpg</filename>
	<path>E:\迅雷下载\zebra - 3\zebra - 3\VID_20181217_144352001.jpg</path>
	<source>
		<database>Unknown</database>
	</source>
	<size>
		<width>1920</width>
		<height>1080</height>
		<depth>3</depth>
	</size>
	<segmented>0</segmented>
	<object>
		<name>zebra</name>
		<pose>Unspecified</pose>
		<truncated>1</truncated>
		<difficult>0</difficult>
		<bndbox>
			<xmin>8</xmin>
			<ymin>434</ymin>
			<xmax>1920</xmax>
			<ymax>1064</ymax>
		</bndbox>
	</object>
	<object>
		<name>car</name>
		<difficult>0.8027593493461609</difficult>
		<bndbox>
			<xmin>930</xmin>
			<ymin>517</ymin>
			<xmax>326</xmax>
			<ymax>136</ymax>
		</bndbox>
	</object>
	<object>
		<name>car</name>
		<difficult>0.5225741863250732</difficult>
		<bndbox>
			<xmin>1836</xmin>
			<ymin>421</ymin>
			<xmax>158</xmax>
			<ymax>221</ymax>
		</bndbox>
	</object>
</annotation>