<?xml version='1.0' encoding='utf8'?>
<annotation>
	<folder>zebra - 3</folder>
	<filename>VID_20181217_144352002.jpg</filename>
	<path>E:\迅雷下载\zebra - 3\zebra - 3\VID_20181217_144352002.jpg</path>
	<source>
		<database>Unknown</database>
	</source>
	<size>
		<width>1920</width>
		<height>1080</height>
		<depth>3</depth>
	</size>
	<segmented>0</segmented>
	<object>
		<name>zebra</name>
		<pose>Unspecified</pose>
		<truncated>1</truncated>
		<difficult>0</difficult>
		<bndbox>
			<xmin>2</xmin>
			<ymin>432</ymin>
			<xmax>1920</xmax>
			<ymax>1079</ymax>
		</bndbox>
	</object>
	<object>
		<name>car</name>
		<difficult>0.7797399163246155</difficult>
		<bndbox>
			<xmin>1828</xmin>
			<ymin>453</ymin>
			<xmax>223</xmax>
			<ymax>170</ymax>
		</bndbox>
	</object>
	<object>
		<name>car</name>
		<difficult>0.7611356377601624</difficult>
		<bndbox>
			<xmin>910</xmin>
			<ymin>510</ymin>
			<xmax>327</xmax>
			<ymax>127</ymax>
		</bndbox>
	</object>
</annotation>