<?xml version='1.0' encoding='utf8'?>
<annotation>
	<folder>zebra - 2</folder>
	<filename>141_斑马线.jpg</filename>
	<path>F:\work\dian\打标\doing\zebra - 2\141_斑马线.jpg</path>
	<source>
		<database>Unknown</database>
	</source>
	<size>
		<width>600</width>
		<height>390</height>
		<depth>3</depth>
	</size>
	<segmented>0</segmented>
	<object>
		<name>zebra</name>
		<pose>Unspecified</pose>
		<truncated>0</truncated>
		<difficult>0</difficult>
		<bndbox>
			<xmin>64</xmin>
			<ymin>95</ymin>
			<xmax>569</xmax>
			<ymax>367</ymax>
		</bndbox>
	</object>
	<object>
		<name>person</name>
		<difficult>0.5607025027275085</difficult>
		<bndbox>
			<xmin>527</xmin>
			<ymin>175</ymin>
			<xmax>120</xmax>
			<ymax>306</ymax>
		</bndbox>
	</object>
</annotation>