<?xml version='1.0' encoding='utf8'?>
<annotation>
	<folder>zebra - 6</folder>
	<filename>VID_20181205_124659 157.jpg</filename>
	<path>E:\Download\windows_v1.8.1\zebra - 6\VID_20181205_124659 157.jpg</path>
	<source>
		<database>Unknown</database>
	</source>
	<size>
		<width>1280</width>
		<height>720</height>
		<depth>3</depth>
	</size>
	<segmented>0</segmented>
	<object>
		<name>zebra</name>
		<pose>Unspecified</pose>
		<truncated>1</truncated>
		<difficult>0</difficult>
		<bndbox>
			<xmin>7</xmin>
			<ymin>261</ymin>
			<xmax>1280</xmax>
			<ymax>703</ymax>
		</bndbox>
	</object>
	<object>
		<name>motorbike</name>
		<difficult>0.5633813142776489</difficult>
		<bndbox>
			<xmin>807</xmin>
			<ymin>130</ymin>
			<xmax>126</xmax>
			<ymax>110</ymax>
		</bndbox>
	</object>
	<object>
		<name>person</name>
		<difficult>0.5015085339546204</difficult>
		<bndbox>
			<xmin>80</xmin>
			<ymin>260</ymin>
			<xmax>132</xmax>
			<ymax>263</ymax>
		</bndbox>
	</object>
</annotation>