<?xml version='1.0' encoding='utf8'?>
<annotation>
	<folder>zebra - 7</folder>
	<filename>VID_20181207_190549005.jpg</filename>
	<path>E:\迅雷下载\zebra - 7\zebra - 7\VID_20181207_190549005.jpg</path>
	<source>
		<database>Unknown</database>
	</source>
	<size>
		<width>1920</width>
		<height>1080</height>
		<depth>3</depth>
	</size>
	<segmented>0</segmented>
	<object>
		<name>zebra</name>
		<pose>Unspecified</pose>
		<truncated>1</truncated>
		<difficult>0</difficult>
		<bndbox>
			<xmin>35</xmin>
			<ymin>195</ymin>
			<xmax>1920</xmax>
			<ymax>1072</ymax>
		</bndbox>
	</object>
	<object>
		<name>car</name>
		<difficult>0.5207491517066956</difficult>
		<bndbox>
			<xmin>249</xmin>
			<ymin>128</ymin>
			<xmax>176</xmax>
			<ymax>74</ymax>
		</bndbox>
	</object>
</annotation>