<?xml version='1.0' encoding='utf8'?>
<annotation>
	<folder>zebra - 2</folder>
	<filename>167_斑马线.jpg</filename>
	<path>F:\work\dian\打标\doing\zebra - 2\167_斑马线.jpg</path>
	<source>
		<database>Unknown</database>
	</source>
	<size>
		<width>500</width>
		<height>333</height>
		<depth>3</depth>
	</size>
	<segmented>0</segmented>
	<object>
		<name>zebra</name>
		<pose>Unspecified</pose>
		<truncated>1</truncated>
		<difficult>0</difficult>
		<bndbox>
			<xmin>1</xmin>
			<ymin>2</ymin>
			<xmax>500</xmax>
			<ymax>314</ymax>
		</bndbox>
	</object>
	<object>
		<name>person</name>
		<difficult>0.5662127733230591</difficult>
		<bndbox>
			<xmin>1111</xmin>
			<ymin>563</ymin>
			<xmax>710</xmax>
			<ymax>1103</ymax>
		</bndbox>
	</object>
</annotation>