<?xml version='1.0' encoding='utf8'?>
<annotation>
	<folder>zebra - 4</folder>
	<filename>VID_20181129_174445018.jpg</filename>
	<path>E:\Download\windows_v1.8.1\zebra - 4\VID_20181129_174445018.jpg</path>
	<source>
		<database>Unknown</database>
	</source>
	<size>
		<width>1080</width>
		<height>1920</height>
		<depth>3</depth>
	</size>
	<segmented>0</segmented>
	<object>
		<name>zebra</name>
		<pose>Unspecified</pose>
		<truncated>0</truncated>
		<difficult>0</difficult>
		<bndbox>
			<xmin>21</xmin>
			<ymin>570</ymin>
			<xmax>891</xmax>
			<ymax>1324</ymax>
		</bndbox>
	</object>
	<object>
		<name>car</name>
		<difficult>0.8722434043884277</difficult>
		<bndbox>
			<xmin>340</xmin>
			<ymin>227</ymin>
			<xmax>411</xmax>
			<ymax>158</ymax>
		</bndbox>
	</object>
</annotation>