<?xml version='1.0' encoding='utf8'?>
<annotation>
	<folder>zebra - 7</folder>
	<filename>VID_20181205_073027002.jpg</filename>
	<path>E:\迅雷下载\zebra - 7\zebra - 7\VID_20181205_073027002.jpg</path>
	<source>
		<database>Unknown</database>
	</source>
	<size>
		<width>1920</width>
		<height>1080</height>
		<depth>3</depth>
	</size>
	<segmented>0</segmented>
	<object>
		<name>traffic light</name>
		<pose>Unspecified</pose>
		<truncated>0</truncated>
		<difficult>0</difficult>
		<bndbox>
			<xmin>891</xmin>
			<ymin>164</ymin>
			<xmax>988</xmax>
			<ymax>359</ymax>
		</bndbox>
	</object>
	<object>
		<name>traffic light</name>
		<pose>Unspecified</pose>
		<truncated>0</truncated>
		<difficult>0</difficult>
		<bndbox>
			<xmin>988</xmin>
			<ymin>165</ymin>
			<xmax>1061</xmax>
			<ymax>365</ymax>
		</bndbox>
	</object>
	<object>
		<name>zebra</name>
		<pose>Unspecified</pose>
		<truncated>1</truncated>
		<difficult>0</difficult>
		<bndbox>
			<xmin>919</xmin>
			<ymin>983</ymin>
			<xmax>1726</xmax>
			<ymax>1080</ymax>
		</bndbox>
	</object>
</annotation>