<?xml version='1.0' encoding='utf8'?>
<annotation>
	<folder>zebra - 8</folder>
	<filename>VID_20181209_214727057.jpg</filename>
	<path>E:\迅雷下载\zebra - 8\zebra - 8\VID_20181209_214727057.jpg</path>
	<source>
		<database>Unknown</database>
	</source>
	<size>
		<width>1920</width>
		<height>1080</height>
		<depth>3</depth>
	</size>
	<segmented>0</segmented>
	<object>
		<name>zebra</name>
		<pose>Unspecified</pose>
		<truncated>1</truncated>
		<difficult>0</difficult>
		<bndbox>
			<xmin>3</xmin>
			<ymin>319</ymin>
			<xmax>1919</xmax>
			<ymax>1080</ymax>
		</bndbox>
	</object>
	<object>
		<name>car</name>
		<difficult>0.779064953327179</difficult>
		<bndbox>
			<xmin>948</xmin>
			<ymin>418</ymin>
			<xmax>275</xmax>
			<ymax>210</ymax>
		</bndbox>
	</object>
	<object>
		<name>car</name>
		<difficult>0.6050413846969604</difficult>
		<bndbox>
			<xmin>367</xmin>
			<ymin>414</ymin>
			<xmax>225</xmax>
			<ymax>107</ymax>
		</bndbox>
	</object>
	<object>
		<name>car</name>
		<difficult>0.5269065499305725</difficult>
		<bndbox>
			<xmin>553</xmin>
			<ymin>416</ymin>
			<xmax>165</xmax>
			<ymax>96</ymax>
		</bndbox>
	</object>
	<object>
		<name>car</name>
		<difficult>0.5266687870025635</difficult>
		<bndbox>
			<xmin>277</xmin>
			<ymin>422</ymin>
			<xmax>210</xmax>
			<ymax>87</ymax>
		</bndbox>
	</object>
</annotation>