<?xml version='1.0' encoding='utf8'?>
<annotation>
	<folder>zebra - 8</folder>
	<filename>VID_20181209_214727056.jpg</filename>
	<path>E:\迅雷下载\zebra - 8\zebra - 8\VID_20181209_214727056.jpg</path>
	<source>
		<database>Unknown</database>
	</source>
	<size>
		<width>1920</width>
		<height>1080</height>
		<depth>3</depth>
	</size>
	<segmented>0</segmented>
	<object>
		<name>zebra</name>
		<pose>Unspecified</pose>
		<truncated>1</truncated>
		<difficult>0</difficult>
		<bndbox>
			<xmin>5</xmin>
			<ymin>313</ymin>
			<xmax>1920</xmax>
			<ymax>1079</ymax>
		</bndbox>
	</object>
	<object>
		<name>car</name>
		<difficult>0.6753219962120056</difficult>
		<bndbox>
			<xmin>212</xmin>
			<ymin>462</ymin>
			<xmax>287</xmax>
			<ymax>109</ymax>
		</bndbox>
	</object>
	<object>
		<name>car</name>
		<difficult>0.6715548634529114</difficult>
		<bndbox>
			<xmin>1005</xmin>
			<ymin>457</ymin>
			<xmax>134</xmax>
			<ymax>103</ymax>
		</bndbox>
	</object>
</annotation>