<?xml version='1.0' encoding='utf8'?>
<annotation>
	<folder>zebra - 7</folder>
	<filename>VID_20181207_191027028.jpg</filename>
	<path>E:\迅雷下载\zebra - 7\zebra - 7\VID_20181207_191027028.jpg</path>
	<source>
		<database>Unknown</database>
	</source>
	<size>
		<width>1920</width>
		<height>1080</height>
		<depth>3</depth>
	</size>
	<segmented>0</segmented>
	<object>
		<name>zebra</name>
		<pose>Unspecified</pose>
		<truncated>1</truncated>
		<difficult>0</difficult>
		<bndbox>
			<xmin>205</xmin>
			<ymin>389</ymin>
			<xmax>1920</xmax>
			<ymax>1077</ymax>
		</bndbox>
	</object>
	<object>
		<name>person</name>
		<difficult>0.6455413103103638</difficult>
		<bndbox>
			<xmin>314</xmin>
			<ymin>372</ymin>
			<xmax>118</xmax>
			<ymax>243</ymax>
		</bndbox>
	</object>
	<object>
		<name>car</name>
		<difficult>0.62110435962677</difficult>
		<bndbox>
			<xmin>795</xmin>
			<ymin>334</ymin>
			<xmax>248</xmax>
			<ymax>94</ymax>
		</bndbox>
	</object>
	<object>
		<name>person</name>
		<difficult>0.5875294804573059</difficult>
		<bndbox>
			<xmin>267</xmin>
			<ymin>378</ymin>
			<xmax>114</xmax>
			<ymax>224</ymax>
		</bndbox>
	</object>
</annotation>