<?xml version='1.0' encoding='utf8'?>
<annotation>
	<folder>zebra - 1</folder>
	<filename>9_斑马线.jpg</filename>
	<path>F:\work\dian\打标\doing\zebra - 1\9_斑马线.jpg</path>
	<source>
		<database>Unknown</database>
	</source>
	<size>
		<width>600</width>
		<height>410</height>
		<depth>3</depth>
	</size>
	<segmented>0</segmented>
	<object>
		<name>zebra</name>
		<pose>Unspecified</pose>
		<truncated>0</truncated>
		<difficult>0</difficult>
		<bndbox>
			<xmin>2</xmin>
			<ymin>96</ymin>
			<xmax>597</xmax>
			<ymax>408</ymax>
		</bndbox>
	</object>
	<object>
		<name>zebra</name>
		<pose>Unspecified</pose>
		<truncated>0</truncated>
		<difficult>0</difficult>
		<bndbox>
			<xmin>334</xmin>
			<ymin>37</ymin>
			<xmax>555</xmax>
			<ymax>51</ymax>
		</bndbox>
	</object>
	<object>
		<name>car</name>
		<difficult>0.540932297706604</difficult>
		<bndbox>
			<xmin>1236</xmin>
			<ymin>134</ymin>
			<xmax>84</xmax>
			<ymax>156</ymax>
		</bndbox>
	</object>
	<object>
		<name>person</name>
		<difficult>0.5203685760498047</difficult>
		<bndbox>
			<xmin>113</xmin>
			<ymin>137</ymin>
			<xmax>76</xmax>
			<ymax>132</ymax>
		</bndbox>
	</object>
</annotation>