<?xml version='1.0' encoding='utf8'?>
<annotation>
	<folder>zebra - 3</folder>
	<filename>traffic_light_107.jpg</filename>
	<path>E:\迅雷下载\zebra - 3\zebra - 3\traffic_light_107.jpg</path>
	<source>
		<database>Unknown</database>
	</source>
	<size>
		<width>1920</width>
		<height>1080</height>
		<depth>3</depth>
	</size>
	<segmented>0</segmented>
	<object>
		<name>stairs</name>
		<pose>Unspecified</pose>
		<truncated>0</truncated>
		<difficult>0</difficult>
		<bndbox>
			<xmin>943</xmin>
			<ymin>524</ymin>
			<xmax>1507</xmax>
			<ymax>583</ymax>
		</bndbox>
	</object>
	<object>
		<name>stairs</name>
		<pose>Unspecified</pose>
		<truncated>1</truncated>
		<difficult>0</difficult>
		<bndbox>
			<xmin>1586</xmin>
			<ymin>478</ymin>
			<xmax>1920</xmax>
			<ymax>521</ymax>
		</bndbox>
	</object>
	<object>
		<name>stairs</name>
		<pose>Unspecified</pose>
		<truncated>1</truncated>
		<difficult>0</difficult>
		<bndbox>
			<xmin>848</xmin>
			<ymin>573</ymin>
			<xmax>1920</xmax>
			<ymax>748</ymax>
		</bndbox>
	</object>
	<object>
		<name>person</name>
		<difficult>0.8348774909973145</difficult>
		<bndbox>
			<xmin>407</xmin>
			<ymin>154</ymin>
			<xmax>178</xmax>
			<ymax>338</ymax>
		</bndbox>
	</object>
</annotation>