<?xml version='1.0' encoding='utf8'?>
<annotation>
	<folder>zebra - 2</folder>
	<filename>IMG_20181127_145838.jpg</filename>
	<path>F:\work\dian\打标\doing\zebra - 2\IMG_20181127_145838.jpg</path>
	<source>
		<database>Unknown</database>
	</source>
	<size>
		<width>3456</width>
		<height>4608</height>
		<depth>3</depth>
	</size>
	<segmented>0</segmented>
	<object>
		<name>zebra</name>
		<pose>Unspecified</pose>
		<truncated>0</truncated>
		<difficult>0</difficult>
		<bndbox>
			<xmin>13</xmin>
			<ymin>192</ymin>
			<xmax>3455</xmax>
			<ymax>4597</ymax>
		</bndbox>
	</object>
	<object>
		<name>car</name>
		<difficult>0.8865519762039185</difficult>
		<bndbox>
			<xmin>309</xmin>
			<ymin>231</ymin>
			<xmax>418</xmax>
			<ymax>161</ymax>
		</bndbox>
	</object>
	<object>
		<name>person</name>
		<difficult>0.5822076201438904</difficult>
		<bndbox>
			<xmin>676</xmin>
			<ymin>222</ymin>
			<xmax>34</xmax>
			<ymax>100</ymax>
		</bndbox>
	</object>
</annotation>