<?xml version='1.0' encoding='utf8'?>
<annotation>
	<folder>zebra - 8</folder>
	<filename>VID_20181207_191620091.jpg</filename>
	<path>E:\迅雷下载\zebra - 8\zebra - 8\VID_20181207_191620091.jpg</path>
	<source>
		<database>Unknown</database>
	</source>
	<size>
		<width>1920</width>
		<height>1080</height>
		<depth>3</depth>
	</size>
	<segmented>0</segmented>
	<object>
		<name>zebra</name>
		<pose>Unspecified</pose>
		<truncated>0</truncated>
		<difficult>0</difficult>
		<bndbox>
			<xmin>805</xmin>
			<ymin>446</ymin>
			<xmax>1618</xmax>
			<ymax>638</ymax>
		</bndbox>
	</object>
	<object>
		<name>car</name>
		<difficult>0.8729751706123352</difficult>
		<bndbox>
			<xmin>328</xmin>
			<ymin>228</ymin>
			<xmax>406</xmax>
			<ymax>157</ymax>
		</bndbox>
	</object>
	<object>
		<name>person</name>
		<difficult>0.503164529800415</difficult>
		<bndbox>
			<xmin>682</xmin>
			<ymin>223</ymin>
			<xmax>38</xmax>
			<ymax>112</ymax>
		</bndbox>
	</object>
</annotation>