<?xml version='1.0' encoding='utf8'?>
<annotation>
	<folder>zebra - 8</folder>
	<filename>VID_20181209_215744018.jpg</filename>
	<path>E:\迅雷下载\zebra - 8\zebra - 8\VID_20181209_215744018.jpg</path>
	<source>
		<database>Unknown</database>
	</source>
	<size>
		<width>1080</width>
		<height>1920</height>
		<depth>3</depth>
	</size>
	<segmented>0</segmented>
	<object>
		<name>zebra</name>
		<pose>Unspecified</pose>
		<truncated>1</truncated>
		<difficult>0</difficult>
		<bndbox>
			<xmin>8</xmin>
			<ymin>846</ymin>
			<xmax>1080</xmax>
			<ymax>1592</ymax>
		</bndbox>
	</object>
	<object>
		<name>person</name>
		<difficult>0.6167601943016052</difficult>
		<bndbox>
			<xmin>322</xmin>
			<ymin>109</ymin>
			<xmax>78</xmax>
			<ymax>149</ymax>
		</bndbox>
	</object>
	<object>
		<name>person</name>
		<difficult>0.512040376663208</difficult>
		<bndbox>
			<xmin>772</xmin>
			<ymin>63</ymin>
			<xmax>76</xmax>
			<ymax>104</ymax>
		</bndbox>
	</object>
</annotation>