<?xml version='1.0' encoding='utf8'?>
<annotation>
	<folder>zebra - 3</folder>
	<filename>traffic_light_105.jpg</filename>
	<path>E:\迅雷下载\zebra - 3\zebra - 3\traffic_light_105.jpg</path>
	<source>
		<database>Unknown</database>
	</source>
	<size>
		<width>1920</width>
		<height>1080</height>
		<depth>3</depth>
	</size>
	<segmented>0</segmented>
	<object>
		<name>stairs</name>
		<pose>Unspecified</pose>
		<truncated>0</truncated>
		<difficult>0</difficult>
		<bndbox>
			<xmin>959</xmin>
			<ymin>529</ymin>
			<xmax>1524</xmax>
			<ymax>581</ymax>
		</bndbox>
	</object>
	<object>
		<name>stairs</name>
		<pose>Unspecified</pose>
		<truncated>1</truncated>
		<difficult>0</difficult>
		<bndbox>
			<xmin>1602</xmin>
			<ymin>491</ymin>
			<xmax>1920</xmax>
			<ymax>528</ymax>
		</bndbox>
	</object>
	<object>
		<name>stairs</name>
		<pose>Unspecified</pose>
		<truncated>1</truncated>
		<difficult>0</difficult>
		<bndbox>
			<xmin>849</xmin>
			<ymin>583</ymin>
			<xmax>1920</xmax>
			<ymax>750</ymax>
		</bndbox>
	</object>
	<object>
		<name>car</name>
		<difficult>0.8142821192741394</difficult>
		<bndbox>
			<xmin>874</xmin>
			<ymin>41</ymin>
			<xmax>238</xmax>
			<ymax>94</ymax>
		</bndbox>
	</object>
	<object>
		<name>car</name>
		<difficult>0.7849488854408264</difficult>
		<bndbox>
			<xmin>579</xmin>
			<ymin>40</ymin>
			<xmax>130</xmax>
			<ymax>92</ymax>
		</bndbox>
	</object>
	<object>
		<name>car</name>
		<difficult>0.740446150302887</difficult>
		<bndbox>
			<xmin>1037</xmin>
			<ymin>40</ymin>
			<xmax>206</xmax>
			<ymax>101</ymax>
		</bndbox>
	</object>
</annotation>