<?xml version='1.0' encoding='utf8'?>
<annotation>
	<folder>zebra - 4</folder>
	<filename>VID_20181129_112616030.jpg</filename>
	<path>E:\Download\windows_v1.8.1\zebra - 4\VID_20181129_112616030.jpg</path>
	<source>
		<database>Unknown</database>
	</source>
	<size>
		<width>1080</width>
		<height>1920</height>
		<depth>3</depth>
	</size>
	<segmented>0</segmented>
	<object>
		<name>zebra</name>
		<pose>Unspecified</pose>
		<truncated>1</truncated>
		<difficult>0</difficult>
		<bndbox>
			<xmin>585</xmin>
			<ymin>450</ymin>
			<xmax>1080</xmax>
			<ymax>1651</ymax>
		</bndbox>
	</object>
	<object>
		<name>person</name>
		<difficult>0.5847548246383667</difficult>
		<bndbox>
			<xmin>104</xmin>
			<ymin>85</ymin>
			<xmax>144</xmax>
			<ymax>162</ymax>
		</bndbox>
	</object>
</annotation>