<?xml version='1.0' encoding='utf8'?>
<annotation>
	<folder>zebra - 3</folder>
	<filename>traffic_light_106.jpg</filename>
	<path>E:\迅雷下载\zebra - 3\zebra - 3\traffic_light_106.jpg</path>
	<source>
		<database>Unknown</database>
	</source>
	<size>
		<width>1920</width>
		<height>1080</height>
		<depth>3</depth>
	</size>
	<segmented>0</segmented>
	<object>
		<name>stairs</name>
		<pose>Unspecified</pose>
		<truncated>0</truncated>
		<difficult>0</difficult>
		<bndbox>
			<xmin>961</xmin>
			<ymin>524</ymin>
			<xmax>1518</xmax>
			<ymax>578</ymax>
		</bndbox>
	</object>
	<object>
		<name>stairs</name>
		<pose>Unspecified</pose>
		<truncated>1</truncated>
		<difficult>0</difficult>
		<bndbox>
			<xmin>1586</xmin>
			<ymin>484</ymin>
			<xmax>1920</xmax>
			<ymax>523</ymax>
		</bndbox>
	</object>
	<object>
		<name>stairs</name>
		<pose>Unspecified</pose>
		<truncated>1</truncated>
		<difficult>0</difficult>
		<bndbox>
			<xmin>819</xmin>
			<ymin>576</ymin>
			<xmax>1920</xmax>
			<ymax>741</ymax>
		</bndbox>
	</object>
	<object>
		<name>car</name>
		<difficult>0.5708165168762207</difficult>
		<bndbox>
			<xmin>478</xmin>
			<ymin>431</ymin>
			<xmax>601</xmax>
			<ymax>307</ymax>
		</bndbox>
	</object>
</annotation>