<?xml version='1.0' encoding='utf8'?>
<annotation>
	<folder>zebra - 3</folder>
	<filename>traffic_light_462.jpg</filename>
	<path>E:\迅雷下载\zebra - 3\zebra - 3\traffic_light_462.jpg</path>
	<source>
		<database>Unknown</database>
	</source>
	<size>
		<width>1920</width>
		<height>1080</height>
		<depth>3</depth>
	</size>
	<segmented>0</segmented>
	<object>
		<name>traffic light</name>
		<pose>Unspecified</pose>
		<truncated>0</truncated>
		<difficult>0</difficult>
		<bndbox>
			<xmin>1280</xmin>
			<ymin>51</ymin>
			<xmax>1491</xmax>
			<ymax>322</ymax>
		</bndbox>
	</object>
	<object>
		<name>zebra</name>
		<pose>Unspecified</pose>
		<truncated>0</truncated>
		<difficult>0</difficult>
		<bndbox>
			<xmin>872</xmin>
			<ymin>783</ymin>
			<xmax>1465</xmax>
			<ymax>859</ymax>
		</bndbox>
	</object>
	<object>
		<name>zebra</name>
		<pose>Unspecified</pose>
		<truncated>1</truncated>
		<difficult>0</difficult>
		<bndbox>
			<xmin>1816</xmin>
			<ymin>819</ymin>
			<xmax>1920</xmax>
			<ymax>861</ymax>
		</bndbox>
	</object>
	<object>
		<name>zebra</name>
		<pose>Unspecified</pose>
		<truncated>1</truncated>
		<difficult>0</difficult>
		<bndbox>
			<xmin>1086</xmin>
			<ymin>916</ymin>
			<xmax>1920</xmax>
			<ymax>1079</ymax>
		</bndbox>
	</object>
	<object>
		<name>zebra</name>
		<pose>Unspecified</pose>
		<truncated>0</truncated>
		<difficult>0</difficult>
		<bndbox>
			<xmin>2</xmin>
			<ymin>859</ymin>
			<xmax>918</xmax>
			<ymax>1032</ymax>
		</bndbox>
	</object>
	<object>
		<name>car</name>
		<difficult>0.8191431760787964</difficult>
		<bndbox>
			<xmin>223</xmin>
			<ymin>255</ymin>
			<xmax>403</xmax>
			<ymax>198</ymax>
		</bndbox>
	</object>
</annotation>