<?xml version='1.0' encoding='utf8'?>
<annotation>
	<folder>zebra - 1</folder>
	<filename>12_斑马线 (2).jpg</filename>
	<path>F:\work\dian\打标\doing\zebra - 1\12_斑马线 (2).jpg</path>
	<source>
		<database>Unknown</database>
	</source>
	<size>
		<width>550</width>
		<height>272</height>
		<depth>3</depth>
	</size>
	<segmented>0</segmented>
	<object>
		<name>zebra</name>
		<pose>Unspecified</pose>
		<truncated>1</truncated>
		<difficult>0</difficult>
		<bndbox>
			<xmin>8</xmin>
			<ymin>70</ymin>
			<xmax>550</xmax>
			<ymax>225</ymax>
		</bndbox>
	</object>
	<object>
		<name>cat</name>
		<difficult>0.7927987575531006</difficult>
		<bndbox>
			<xmin>545</xmin>
			<ymin>823</ymin>
			<xmax>1021</xmax>
			<ymax>1618</ymax>
		</bndbox>
	</object>
</annotation>