<?xml version='1.0' encoding='utf8'?>
<annotation>
	<folder>zebra - 7</folder>
	<filename>VID_20181205_072644006.jpg</filename>
	<path>E:\迅雷下载\zebra - 7\zebra - 7\VID_20181205_072644006.jpg</path>
	<source>
		<database>Unknown</database>
	</source>
	<size>
		<width>1920</width>
		<height>1080</height>
		<depth>3</depth>
	</size>
	<segmented>0</segmented>
	<object>
		<name>traffic light</name>
		<pose>Unspecified</pose>
		<truncated>0</truncated>
		<difficult>0</difficult>
		<bndbox>
			<xmin>672</xmin>
			<ymin>322</ymin>
			<xmax>745</xmax>
			<ymax>411</ymax>
		</bndbox>
	</object>
	<object>
		<name>zebra</name>
		<pose>Unspecified</pose>
		<truncated>0</truncated>
		<difficult>0</difficult>
		<bndbox>
			<xmin>513</xmin>
			<ymin>689</ymin>
			<xmax>781</xmax>
			<ymax>745</ymax>
		</bndbox>
	</object>
	<object>
		<name>car</name>
		<difficult>0.7408379912376404</difficult>
		<bndbox>
			<xmin>861</xmin>
			<ymin>21</ymin>
			<xmax>195</xmax>
			<ymax>76</ymax>
		</bndbox>
	</object>
	<object>
		<name>car</name>
		<difficult>0.6962666511535645</difficult>
		<bndbox>
			<xmin>525</xmin>
			<ymin>24</ymin>
			<xmax>144</xmax>
			<ymax>75</ymax>
		</bndbox>
	</object>
</annotation>