<?xml version='1.0' encoding='utf8'?>
<annotation>
	<folder>zebra - 3</folder>
	<filename>IMG_20181127_151725.jpg</filename>
	<path>E:\迅雷下载\zebra - 3\zebra - 3\IMG_20181127_151725.jpg</path>
	<source>
		<database>Unknown</database>
	</source>
	<size>
		<width>3456</width>
		<height>4608</height>
		<depth>3</depth>
	</size>
	<segmented>0</segmented>
	<object>
		<name>stairs</name>
		<pose>Unspecified</pose>
		<truncated>0</truncated>
		<difficult>0</difficult>
		<bndbox>
			<xmin>8</xmin>
			<ymin>1189</ymin>
			<xmax>2383</xmax>
			<ymax>2199</ymax>
		</bndbox>
	</object>
	<object>
		<name>stairs</name>
		<pose>Unspecified</pose>
		<truncated>1</truncated>
		<difficult>0</difficult>
		<bndbox>
			<xmin>8</xmin>
			<ymin>2389</ymin>
			<xmax>2987</xmax>
			<ymax>4608</ymax>
		</bndbox>
	</object>
	<object>
		<name>car</name>
		<difficult>0.7497379779815674</difficult>
		<bndbox>
			<xmin>649</xmin>
			<ymin>470</ymin>
			<xmax>236</xmax>
			<ymax>110</ymax>
		</bndbox>
	</object>
</annotation>