<?xml version='1.0' encoding='utf8'?>
<annotation>
	<folder>zebra - 8</folder>
	<filename>VID_20181207_191620068.jpg</filename>
	<path>E:\迅雷下载\zebra - 8\zebra - 8\VID_20181207_191620068.jpg</path>
	<source>
		<database>Unknown</database>
	</source>
	<size>
		<width>1920</width>
		<height>1080</height>
		<depth>3</depth>
	</size>
	<segmented>0</segmented>
	<object>
		<name>traffic light</name>
		<pose>Unspecified</pose>
		<truncated>0</truncated>
		<difficult>0</difficult>
		<bndbox>
			<xmin>1083</xmin>
			<ymin>108</ymin>
			<xmax>1178</xmax>
			<ymax>234</ymax>
		</bndbox>
	</object>
	<object>
		<name>zebra</name>
		<pose>Unspecified</pose>
		<truncated>1</truncated>
		<difficult>0</difficult>
		<bndbox>
			<xmin>900</xmin>
			<ymin>353</ymin>
			<xmax>1920</xmax>
			<ymax>615</ymax>
		</bndbox>
	</object>
	<object>
		<name>person</name>
		<difficult>0.5898173451423645</difficult>
		<bndbox>
			<xmin>720</xmin>
			<ymin>522</ymin>
			<xmax>97</xmax>
			<ymax>256</ymax>
		</bndbox>
	</object>
</annotation>