<?xml version='1.0' encoding='utf8'?>
<annotation>
	<folder>zebra - 1</folder>
	<filename>3_斑马线 (2).jpg</filename>
	<path>F:\work\dian\打标\doing\zebra - 1\3_斑马线 (2).jpg</path>
	<source>
		<database>Unknown</database>
	</source>
	<size>
		<width>1200</width>
		<height>673</height>
		<depth>3</depth>
	</size>
	<segmented>0</segmented>
	<object>
		<name>zebra</name>
		<pose>Unspecified</pose>
		<truncated>1</truncated>
		<difficult>0</difficult>
		<bndbox>
			<xmin>1</xmin>
			<ymin>63</ymin>
			<xmax>1171</xmax>
			<ymax>673</ymax>
		</bndbox>
	</object>
	<object>
		<name>person</name>
		<difficult>0.647441565990448</difficult>
		<bndbox>
			<xmin>1052</xmin>
			<ymin>105</ymin>
			<xmax>144</xmax>
			<ymax>168</ymax>
		</bndbox>
	</object>
	<object>
		<name>person</name>
		<difficult>0.6340427994728088</difficult>
		<bndbox>
			<xmin>275</xmin>
			<ymin>126</ymin>
			<xmax>151</xmax>
			<ymax>174</ymax>
		</bndbox>
	</object>
</annotation>