<?xml version='1.0' encoding='utf8'?>
<annotation>
	<folder>zebra - 1</folder>
	<filename>110_斑马线 (2).jpg</filename>
	<path>F:\work\dian\打标\doing\zebra - 1\110_斑马线 (2).jpg</path>
	<source>
		<database>Unknown</database>
	</source>
	<size>
		<width>1200</width>
		<height>606</height>
		<depth>3</depth>
	</size>
	<segmented>0</segmented>
	<object>
		<name>zebra</name>
		<pose>Unspecified</pose>
		<truncated>0</truncated>
		<difficult>0</difficult>
		<bndbox>
			<xmin>5</xmin>
			<ymin>3</ymin>
			<xmax>1193</xmax>
			<ymax>598</ymax>
		</bndbox>
	</object>
	<object>
		<name>car</name>
		<difficult>0.7202993631362915</difficult>
		<bndbox>
			<xmin>477</xmin>
			<ymin>570</ymin>
			<xmax>715</xmax>
			<ymax>393</ymax>
		</bndbox>
	</object>
</annotation>