<?xml version='1.0' encoding='utf8'?>
<annotation>
	<folder>zebra - 6</folder>
	<filename>VID_20181205_124659 008.jpg</filename>
	<path>E:\Download\windows_v1.8.1\zebra - 6\VID_20181205_124659 008.jpg</path>
	<source>
		<database>Unknown</database>
	</source>
	<size>
		<width>1280</width>
		<height>720</height>
		<depth>3</depth>
	</size>
	<segmented>0</segmented>
	<object>
		<name>zebra</name>
		<pose>Unspecified</pose>
		<truncated>1</truncated>
		<difficult>0</difficult>
		<bndbox>
			<xmin>213</xmin>
			<ymin>125</ymin>
			<xmax>1280</xmax>
			<ymax>550</ymax>
		</bndbox>
	</object>
	<object>
		<name>car</name>
		<difficult>0.7919430732727051</difficult>
		<bndbox>
			<xmin>815</xmin>
			<ymin>117</ymin>
			<xmax>242</xmax>
			<ymax>90</ymax>
		</bndbox>
	</object>
	<object>
		<name>car</name>
		<difficult>0.5584920048713684</difficult>
		<bndbox>
			<xmin>950</xmin>
			<ymin>99</ymin>
			<xmax>149</xmax>
			<ymax>70</ymax>
		</bndbox>
	</object>
</annotation>