<?xml version='1.0' encoding='utf8'?>
<annotation>
	<folder>zebra - 6</folder>
	<filename>VID_20181205_124659 025.jpg</filename>
	<path>E:\Download\windows_v1.8.1\zebra - 6\VID_20181205_124659 025.jpg</path>
	<source>
		<database>Unknown</database>
	</source>
	<size>
		<width>1280</width>
		<height>720</height>
		<depth>3</depth>
	</size>
	<segmented>0</segmented>
	<object>
		<name>zebra</name>
		<pose>Unspecified</pose>
		<truncated>1</truncated>
		<difficult>0</difficult>
		<bndbox>
			<xmin>10</xmin>
			<ymin>194</ymin>
			<xmax>1092</xmax>
			<ymax>720</ymax>
		</bndbox>
	</object>
	<object>
		<name>car</name>
		<difficult>0.5880166292190552</difficult>
		<bndbox>
			<xmin>253</xmin>
			<ymin>140</ymin>
			<xmax>188</xmax>
			<ymax>73</ymax>
		</bndbox>
	</object>
	<object>
		<name>car</name>
		<difficult>0.5611580014228821</difficult>
		<bndbox>
			<xmin>36</xmin>
			<ymin>169</ymin>
			<xmax>82</xmax>
			<ymax>102</ymax>
		</bndbox>
	</object>
	<object>
		<name>car</name>
		<difficult>0.5351361632347107</difficult>
		<bndbox>
			<xmin>140</xmin>
			<ymin>154</ymin>
			<xmax>129</xmax>
			<ymax>68</ymax>
		</bndbox>
	</object>
</annotation>