<?xml version='1.0' encoding='utf8'?>
<annotation>
	<folder>zebra - 2</folder>
	<filename>133_斑马线.jpg</filename>
	<path>F:\work\dian\打标\doing\zebra - 2\133_斑马线.jpg</path>
	<source>
		<database>Unknown</database>
	</source>
	<size>
		<width>700</width>
		<height>466</height>
		<depth>3</depth>
	</size>
	<segmented>0</segmented>
	<object>
		<name>zebra</name>
		<pose>Unspecified</pose>
		<truncated>1</truncated>
		<difficult>0</difficult>
		<bndbox>
			<xmin>5</xmin>
			<ymin>78</ymin>
			<xmax>645</xmax>
			<ymax>466</ymax>
		</bndbox>
	</object>
	<object>
		<name>traffic light</name>
		<pose>Unspecified</pose>
		<truncated>0</truncated>
		<difficult>0</difficult>
		<bndbox>
			<xmin>549</xmin>
			<ymin>37</ymin>
			<xmax>559</xmax>
			<ymax>56</ymax>
		</bndbox>
	</object>
	<object>
		<name>car</name>
		<difficult>0.9036726355552673</difficult>
		<bndbox>
			<xmin>680</xmin>
			<ymin>622</ymin>
			<xmax>1195</xmax>
			<ymax>925</ymax>
		</bndbox>
	</object>
	<object>
		<name>car</name>
		<difficult>0.5258840918540955</difficult>
		<bndbox>
			<xmin>1283</xmin>
			<ymin>204</ymin>
			<xmax>313</xmax>
			<ymax>99</ymax>
		</bndbox>
	</object>
</annotation>