<?xml version='1.0' encoding='utf8'?>
<annotation>
	<folder>zebra - 2</folder>
	<filename>160_斑马线 (2).jpg</filename>
	<path>F:\work\dian\打标\doing\zebra - 2\160_斑马线 (2).jpg</path>
	<source>
		<database>Unknown</database>
	</source>
	<size>
		<width>1200</width>
		<height>741</height>
		<depth>3</depth>
	</size>
	<segmented>0</segmented>
	<object>
		<name>zebra</name>
		<pose>Unspecified</pose>
		<truncated>1</truncated>
		<difficult>0</difficult>
		<bndbox>
			<xmin>1</xmin>
			<ymin>3</ymin>
			<xmax>1200</xmax>
			<ymax>739</ymax>
		</bndbox>
	</object>
	<object>
		<name>car</name>
		<difficult>0.7431515455245972</difficult>
		<bndbox>
			<xmin>326</xmin>
			<ymin>94</ymin>
			<xmax>193</xmax>
			<ymax>90</ymax>
		</bndbox>
	</object>
	<object>
		<name>car</name>
		<difficult>0.6381214261054993</difficult>
		<bndbox>
			<xmin>226</xmin>
			<ymin>105</ymin>
			<xmax>233</xmax>
			<ymax>100</ymax>
		</bndbox>
	</object>
	<object>
		<name>car</name>
		<difficult>0.6336954236030579</difficult>
		<bndbox>
			<xmin>747</xmin>
			<ymin>84</ymin>
			<xmax>162</xmax>
			<ymax>75</ymax>
		</bndbox>
	</object>
	<object>
		<name>car</name>
		<difficult>0.5825808048248291</difficult>
		<bndbox>
			<xmin>466</xmin>
			<ymin>85</ymin>
			<xmax>166</xmax>
			<ymax>81</ymax>
		</bndbox>
	</object>
	<object>
		<name>car</name>
		<difficult>0.5727075934410095</difficult>
		<bndbox>
			<xmin>546</xmin>
			<ymin>86</ymin>
			<xmax>161</xmax>
			<ymax>89</ymax>
		</bndbox>
	</object>
</annotation>