<?xml version='1.0' encoding='utf8'?>
<annotation>
	<folder>zebra - 8</folder>
	<filename>VID_20181209_215744009.jpg</filename>
	<path>E:\迅雷下载\zebra - 8\zebra - 8\VID_20181209_215744009.jpg</path>
	<source>
		<database>Unknown</database>
	</source>
	<size>
		<width>1080</width>
		<height>1920</height>
		<depth>3</depth>
	</size>
	<segmented>0</segmented>
	<object>
		<name>zebra</name>
		<pose>Unspecified</pose>
		<truncated>1</truncated>
		<difficult>0</difficult>
		<bndbox>
			<xmin>2</xmin>
			<ymin>570</ymin>
			<xmax>1080</xmax>
			<ymax>1259</ymax>
		</bndbox>
	</object>
	<object>
		<name>car</name>
		<difficult>0.7069998979568481</difficult>
		<bndbox>
			<xmin>1447</xmin>
			<ymin>365</ymin>
			<xmax>297</xmax>
			<ymax>121</ymax>
		</bndbox>
	</object>
</annotation>