<?xml version='1.0' encoding='utf8'?>
<annotation>
	<folder>zebra - 2</folder>
	<filename>IMG_20181127_145633.jpg</filename>
	<path>F:\work\dian\打标\doing\zebra - 2\IMG_20181127_145633.jpg</path>
	<source>
		<database>Unknown</database>
	</source>
	<size>
		<width>3456</width>
		<height>4608</height>
		<depth>3</depth>
	</size>
	<segmented>0</segmented>
	<object>
		<name>zebra</name>
		<pose>Unspecified</pose>
		<truncated>0</truncated>
		<difficult>0</difficult>
		<bndbox>
			<xmin>52</xmin>
			<ymin>1104</ymin>
			<xmax>3455</xmax>
			<ymax>2805</ymax>
		</bndbox>
	</object>
</annotation>