<?xml version='1.0' encoding='utf8'?>
<annotation>
	<folder>zebra - 2</folder>
	<filename>119_斑马线 (2).jpg</filename>
	<path>F:\work\dian\打标\doing\zebra - 2\119_斑马线 (2).jpg</path>
	<source>
		<database>Unknown</database>
	</source>
	<size>
		<width>1200</width>
		<height>799</height>
		<depth>3</depth>
	</size>
	<segmented>0</segmented>
	<object>
		<name>zebra</name>
		<pose>Unspecified</pose>
		<truncated>1</truncated>
		<difficult>0</difficult>
		<bndbox>
			<xmin>567</xmin>
			<ymin>7</ymin>
			<xmax>1198</xmax>
			<ymax>799</ymax>
		</bndbox>
	</object>
	<object>
		<name>zebra</name>
		<pose>Unspecified</pose>
		<truncated>1</truncated>
		<difficult>0</difficult>
		<bndbox>
			<xmin>3</xmin>
			<ymin>342</ymin>
			<xmax>616</xmax>
			<ymax>799</ymax>
		</bndbox>
	</object>
	<object>
		<name>person</name>
		<difficult>0.7195004224777222</difficult>
		<bndbox>
			<xmin>420</xmin>
			<ymin>145</ymin>
			<xmax>136</xmax>
			<ymax>319</ymax>
		</bndbox>
	</object>
	<object>
		<name>car</name>
		<difficult>0.5680208206176758</difficult>
		<bndbox>
			<xmin>40</xmin>
			<ymin>66</ymin>
			<xmax>94</xmax>
			<ymax>98</ymax>
		</bndbox>
	</object>
</annotation>