<?xml version='1.0' encoding='utf8'?>
<annotation>
	<folder>zebra - 1</folder>
	<filename>85_斑马线.jpg</filename>
	<path>F:\work\dian\打标\doing\zebra - 1\85_斑马线.jpg</path>
	<source>
		<database>Unknown</database>
	</source>
	<size>
		<width>649</width>
		<height>429</height>
		<depth>3</depth>
	</size>
	<segmented>0</segmented>
	<object>
		<name>zebra</name>
		<pose>Unspecified</pose>
		<truncated>0</truncated>
		<difficult>0</difficult>
		<bndbox>
			<xmin>3</xmin>
			<ymin>191</ymin>
			<xmax>460</xmax>
			<ymax>297</ymax>
		</bndbox>
	</object>
	<object>
		<name>person</name>
		<difficult>0.6324155926704407</difficult>
		<bndbox>
			<xmin>155</xmin>
			<ymin>84</ymin>
			<xmax>125</xmax>
			<ymax>204</ymax>
		</bndbox>
	</object>
</annotation>