<?xml version='1.0' encoding='utf8'?>
<annotation>
	<folder>zebra - 7</folder>
	<filename>VID_20181205_072644004.jpg</filename>
	<path>E:\迅雷下载\zebra - 7\zebra - 7\VID_20181205_072644004.jpg</path>
	<source>
		<database>Unknown</database>
	</source>
	<size>
		<width>1920</width>
		<height>1080</height>
		<depth>3</depth>
	</size>
	<segmented>0</segmented>
	<object>
		<name>zebra</name>
		<pose>Unspecified</pose>
		<truncated>0</truncated>
		<difficult>0</difficult>
		<bndbox>
			<xmin>743</xmin>
			<ymin>734</ymin>
			<xmax>964</xmax>
			<ymax>775</ymax>
		</bndbox>
	</object>
	<object>
		<name>car</name>
		<difficult>0.7991282343864441</difficult>
		<bndbox>
			<xmin>866</xmin>
			<ymin>37</ymin>
			<xmax>214</xmax>
			<ymax>93</ymax>
		</bndbox>
	</object>
	<object>
		<name>car</name>
		<difficult>0.7357066869735718</difficult>
		<bndbox>
			<xmin>541</xmin>
			<ymin>35</ymin>
			<xmax>133</xmax>
			<ymax>91</ymax>
		</bndbox>
	</object>
	<object>
		<name>car</name>
		<difficult>0.697618842124939</difficult>
		<bndbox>
			<xmin>1049</xmin>
			<ymin>32</ymin>
			<xmax>196</xmax>
			<ymax>86</ymax>
		</bndbox>
	</object>
</annotation>