<?xml version='1.0' encoding='utf8'?>
<annotation>
	<folder>zebra - 3</folder>
	<filename>VID_20181217_144352004.jpg</filename>
	<path>E:\迅雷下载\zebra - 3\zebra - 3\VID_20181217_144352004.jpg</path>
	<source>
		<database>Unknown</database>
	</source>
	<size>
		<width>1920</width>
		<height>1080</height>
		<depth>3</depth>
	</size>
	<segmented>0</segmented>
	<object>
		<name>zebra</name>
		<pose>Unspecified</pose>
		<truncated>0</truncated>
		<difficult>0</difficult>
		<bndbox>
			<xmin>124</xmin>
			<ymin>524</ymin>
			<xmax>1167</xmax>
			<ymax>662</ymax>
		</bndbox>
	</object>
	<object>
		<name>zebra</name>
		<pose>Unspecified</pose>
		<truncated>1</truncated>
		<difficult>0</difficult>
		<bndbox>
			<xmin>300</xmin>
			<ymin>734</ymin>
			<xmax>1920</xmax>
			<ymax>1079</ymax>
		</bndbox>
	</object>
	<object>
		<name>person</name>
		<difficult>0.6778655648231506</difficult>
		<bndbox>
			<xmin>1142</xmin>
			<ymin>100</ymin>
			<xmax>140</xmax>
			<ymax>169</ymax>
		</bndbox>
	</object>
	<object>
		<name>car</name>
		<difficult>0.5240145325660706</difficult>
		<bndbox>
			<xmin>471</xmin>
			<ymin>45</ymin>
			<xmax>100</xmax>
			<ymax>83</ymax>
		</bndbox>
	</object>
</annotation>