<?xml version='1.0' encoding='utf8'?>
<annotation>
	<folder>zebra - 3</folder>
	<filename>VID_20181217_144030005.jpg</filename>
	<path>E:\迅雷下载\zebra - 3\zebra - 3\VID_20181217_144030005.jpg</path>
	<source>
		<database>Unknown</database>
	</source>
	<size>
		<width>1920</width>
		<height>1080</height>
		<depth>3</depth>
	</size>
	<segmented>0</segmented>
	<object>
		<name>zebra</name>
		<pose>Unspecified</pose>
		<truncated>0</truncated>
		<difficult>0</difficult>
		<bndbox>
			<xmin>235</xmin>
			<ymin>322</ymin>
			<xmax>1189</xmax>
			<ymax>405</ymax>
		</bndbox>
	</object>
	<object>
		<name>zebra</name>
		<pose>Unspecified</pose>
		<truncated>1</truncated>
		<difficult>0</difficult>
		<bndbox>
			<xmin>1415</xmin>
			<ymin>340</ymin>
			<xmax>1920</xmax>
			<ymax>402</ymax>
		</bndbox>
	</object>
	<object>
		<name>zebra</name>
		<pose>Unspecified</pose>
		<truncated>1</truncated>
		<difficult>0</difficult>
		<bndbox>
			<xmin>235</xmin>
			<ymin>394</ymin>
			<xmax>1920</xmax>
			<ymax>843</ymax>
		</bndbox>
	</object>
	<object>
		<name>car</name>
		<difficult>0.7147266268730164</difficult>
		<bndbox>
			<xmin>61</xmin>
			<ymin>148</ymin>
			<xmax>124</xmax>
			<ymax>118</ymax>
		</bndbox>
	</object>
	<object>
		<name>car</name>
		<difficult>0.6692572236061096</difficult>
		<bndbox>
			<xmin>671</xmin>
			<ymin>335</ymin>
			<xmax>1266</xmax>
			<ymax>666</ymax>
		</bndbox>
	</object>
	<object>
		<name>car</name>
		<difficult>0.6514022946357727</difficult>
		<bndbox>
			<xmin>238</xmin>
			<ymin>125</ymin>
			<xmax>194</xmax>
			<ymax>86</ymax>
		</bndbox>
	</object>
	<object>
		<name>car</name>
		<difficult>0.6443731188774109</difficult>
		<bndbox>
			<xmin>163</xmin>
			<ymin>138</ymin>
			<xmax>182</xmax>
			<ymax>103</ymax>
		</bndbox>
	</object>
	<object>
		<name>car</name>
		<difficult>0.6132726073265076</difficult>
		<bndbox>
			<xmin>339</xmin>
			<ymin>119</ymin>
			<xmax>141</xmax>
			<ymax>66</ymax>
		</bndbox>
	</object>
</annotation>