<?xml version='1.0' encoding='utf8'?>
<annotation>
	<folder>zebra</folder>
	<filename>VID_20181217_000731.mp4(735).jpg</filename>
	<path>E:\迅雷下载\zebra\VID_20181217_000731.mp4(735).jpg</path>
	<source>
		<database>Unknown</database>
	</source>
	<size>
		<width>1080</width>
		<height>1920</height>
		<depth>3</depth>
	</size>
	<segmented>0</segmented>
	<object>
		<name>zebra</name>
		<pose>Unspecified</pose>
		<truncated>1</truncated>
		<difficult>0</difficult>
		<bndbox>
			<xmin>4</xmin>
			<ymin>1</ymin>
			<xmax>1080</xmax>
			<ymax>910</ymax>
		</bndbox>
	</object>
	<object>
		<name>bicycle</name>
		<difficult>0.8398972749710083</difficult>
		<bndbox>
			<xmin>1159</xmin>
			<ymin>426</ymin>
			<xmax>229</xmax>
			<ymax>360</ymax>
		</bndbox>
	</object>
	<object>
		<name>car</name>
		<difficult>0.7781984806060791</difficult>
		<bndbox>
			<xmin>660</xmin>
			<ymin>94</ymin>
			<xmax>174</xmax>
			<ymax>97</ymax>
		</bndbox>
	</object>
	<object>
		<name>car</name>
		<difficult>0.7477350831031799</difficult>
		<bndbox>
			<xmin>801</xmin>
			<ymin>86</ymin>
			<xmax>175</xmax>
			<ymax>97</ymax>
		</bndbox>
	</object>
	<object>
		<name>car</name>
		<difficult>0.6907816529273987</difficult>
		<bndbox>
			<xmin>377</xmin>
			<ymin>74</ymin>
			<xmax>128</xmax>
			<ymax>109</ymax>
		</bndbox>
	</object>
	<object>
		<name>person</name>
		<difficult>0.6303693056106567</difficult>
		<bndbox>
			<xmin>1194</xmin>
			<ymin>271</ymin>
			<xmax>179</xmax>
			<ymax>405</ymax>
		</bndbox>
	</object>
	<object>
		<name>car</name>
		<difficult>0.6295645236968994</difficult>
		<bndbox>
			<xmin>948</xmin>
			<ymin>81</ymin>
			<xmax>175</xmax>
			<ymax>88</ymax>
		</bndbox>
	</object>
	<object>
		<name>car</name>
		<difficult>0.5169592499732971</difficult>
		<bndbox>
			<xmin>1046</xmin>
			<ymin>85</ymin>
			<xmax>208</xmax>
			<ymax>106</ymax>
		</bndbox>
	</object>
</annotation>