<?xml version='1.0' encoding='utf8'?>
<annotation>
	<folder>zebra - 3</folder>
	<filename>traffic_light_101.jpg</filename>
	<path>E:\迅雷下载\zebra - 3\zebra - 3\traffic_light_101.jpg</path>
	<source>
		<database>Unknown</database>
	</source>
	<size>
		<width>1920</width>
		<height>1080</height>
		<depth>3</depth>
	</size>
	<segmented>0</segmented>
	<object>
		<name>stairs</name>
		<pose>Unspecified</pose>
		<truncated>0</truncated>
		<difficult>0</difficult>
		<bndbox>
			<xmin>1013</xmin>
			<ymin>538</ymin>
			<xmax>1523</xmax>
			<ymax>588</ymax>
		</bndbox>
	</object>
	<object>
		<name>stairs</name>
		<pose>Unspecified</pose>
		<truncated>1</truncated>
		<difficult>0</difficult>
		<bndbox>
			<xmin>1572</xmin>
			<ymin>511</ymin>
			<xmax>1920</xmax>
			<ymax>555</ymax>
		</bndbox>
	</object>
	<object>
		<name>stairs</name>
		<pose>Unspecified</pose>
		<truncated>0</truncated>
		<difficult>0</difficult>
		<bndbox>
			<xmin>824</xmin>
			<ymin>586</ymin>
			<xmax>1896</xmax>
			<ymax>770</ymax>
		</bndbox>
	</object>
	<object>
		<name>bicycle</name>
		<difficult>0.9318154454231262</difficult>
		<bndbox>
			<xmin>637</xmin>
			<ymin>381</ymin>
			<xmax>765</xmax>
			<ymax>434</ymax>
		</bndbox>
	</object>
	<object>
		<name>person</name>
		<difficult>0.8352776765823364</difficult>
		<bndbox>
			<xmin>617</xmin>
			<ymin>254</ymin>
			<xmax>455</xmax>
			<ymax>486</ymax>
		</bndbox>
	</object>
	<object>
		<name>car</name>
		<difficult>0.7707546353340149</difficult>
		<bndbox>
			<xmin>1046</xmin>
			<ymin>27</ymin>
			<xmax>182</xmax>
			<ymax>76</ymax>
		</bndbox>
	</object>
</annotation>