<?xml version='1.0' encoding='utf8'?>
<annotation>
	<folder>zebra - 3</folder>
	<filename>IMG_20181127_151118.jpg</filename>
	<path>E:\迅雷下载\zebra - 3\zebra - 3\IMG_20181127_151118.jpg</path>
	<source>
		<database>Unknown</database>
	</source>
	<size>
		<width>3456</width>
		<height>4608</height>
		<depth>3</depth>
	</size>
	<segmented>0</segmented>
	<object>
		<name>stairs</name>
		<pose>Unspecified</pose>
		<truncated>1</truncated>
		<difficult>0</difficult>
		<bndbox>
			<xmin>98</xmin>
			<ymin>919</ymin>
			<xmax>3456</xmax>
			<ymax>2181</ymax>
		</bndbox>
	</object>
	<object>
		<name>stairs</name>
		<pose>Unspecified</pose>
		<truncated>1</truncated>
		<difficult>0</difficult>
		<bndbox>
			<xmin>1718</xmin>
			<ymin>724</ymin>
			<xmax>3456</xmax>
			<ymax>964</ymax>
		</bndbox>
	</object>
	<object>
		<name>car</name>
		<difficult>0.8098636269569397</difficult>
		<bndbox>
			<xmin>443</xmin>
			<ymin>774</ymin>
			<xmax>248</xmax>
			<ymax>136</ymax>
		</bndbox>
	</object>
	<object>
		<name>car</name>
		<difficult>0.5900671482086182</difficult>
		<bndbox>
			<xmin>1000</xmin>
			<ymin>763</ymin>
			<xmax>155</xmax>
			<ymax>203</ymax>
		</bndbox>
	</object>
</annotation>