<?xml version='1.0' encoding='utf8'?>
<annotation>
	<folder>zebra - 4</folder>
	<filename>traffic_light_511.jpg</filename>
	<path>E:\Download\windows_v1.8.1\zebra - 4\traffic_light_511.jpg</path>
	<source>
		<database>Unknown</database>
	</source>
	<size>
		<width>1920</width>
		<height>1080</height>
		<depth>3</depth>
	</size>
	<segmented>0</segmented>
	<object>
		<name>zebra</name>
		<pose>Unspecified</pose>
		<truncated>0</truncated>
		<difficult>0</difficult>
		<bndbox>
			<xmin>934</xmin>
			<ymin>875</ymin>
			<xmax>1626</xmax>
			<ymax>963</ymax>
		</bndbox>
	</object>
	<object>
		<name>zebra</name>
		<pose>Unspecified</pose>
		<truncated>0</truncated>
		<difficult>0</difficult>
		<bndbox>
			<xmin>356</xmin>
			<ymin>983</ymin>
			<xmax>1804</xmax>
			<ymax>1076</ymax>
		</bndbox>
	</object>
	<object>
		<name>zebra</name>
		<pose>Unspecified</pose>
		<truncated>0</truncated>
		<difficult>0</difficult>
		<bndbox>
			<xmin>4</xmin>
			<ymin>864</ymin>
			<xmax>609</xmax>
			<ymax>960</ymax>
		</bndbox>
	</object>
	<object>
		<name>person</name>
		<difficult>0.8758570551872253</difficult>
		<bndbox>
			<xmin>409</xmin>
			<ymin>275</ymin>
			<xmax>222</xmax>
			<ymax>529</ymax>
		</bndbox>
	</object>
</annotation>