<?xml version='1.0' encoding='utf8'?>
<annotation>
	<folder>zebra - 1</folder>
	<filename>115_斑马线 (2).jpg</filename>
	<path>F:\work\dian\打标\doing\zebra - 1\115_斑马线 (2).jpg</path>
	<source>
		<database>Unknown</database>
	</source>
	<size>
		<width>3088</width>
		<height>2056</height>
		<depth>3</depth>
	</size>
	<segmented>0</segmented>
	<object>
		<name>zebra</name>
		<pose>Unspecified</pose>
		<truncated>0</truncated>
		<difficult>0</difficult>
		<bndbox>
			<xmin>4</xmin>
			<ymin>940</ymin>
			<xmax>3073</xmax>
			<ymax>2053</ymax>
		</bndbox>
	</object>
</annotation>