<?xml version='1.0' encoding='utf8'?>
<annotation>
	<folder>zebra - 2</folder>
	<filename>123_斑马线.jpg</filename>
	<path>F:\work\dian\打标\doing\zebra - 2\123_斑马线.jpg</path>
	<source>
		<database>Unknown</database>
	</source>
	<size>
		<width>2048</width>
		<height>1536</height>
		<depth>3</depth>
	</size>
	<segmented>0</segmented>
	<object>
		<name>zebra</name>
		<pose>Unspecified</pose>
		<truncated>0</truncated>
		<difficult>0</difficult>
		<bndbox>
			<xmin>13</xmin>
			<ymin>522</ymin>
			<xmax>2040</xmax>
			<ymax>1408</ymax>
		</bndbox>
	</object>
</annotation>