<?xml version='1.0' encoding='utf8'?>
<annotation>
	<folder>zebra - 8</folder>
	<filename>VID_20181207_191620087.jpg</filename>
	<path>E:\迅雷下载\zebra - 8\zebra - 8\VID_20181207_191620087.jpg</path>
	<source>
		<database>Unknown</database>
	</source>
	<size>
		<width>1920</width>
		<height>1080</height>
		<depth>3</depth>
	</size>
	<segmented>0</segmented>
	<object>
		<name>zebra</name>
		<pose>Unspecified</pose>
		<truncated>1</truncated>
		<difficult>0</difficult>
		<bndbox>
			<xmin>1027</xmin>
			<ymin>754</ymin>
			<xmax>1920</xmax>
			<ymax>852</ymax>
		</bndbox>
	</object>
	<object>
		<name>car</name>
		<difficult>0.5404717922210693</difficult>
		<bndbox>
			<xmin>81</xmin>
			<ymin>800</ymin>
			<xmax>157</xmax>
			<ymax>157</ymax>
		</bndbox>
	</object>
</annotation>