<?xml version='1.0' encoding='utf8'?>
<annotation>
	<folder>zebra - 6</folder>
	<filename>VID_20181205_124659 020.jpg</filename>
	<path>E:\Download\windows_v1.8.1\zebra - 6\VID_20181205_124659 020.jpg</path>
	<source>
		<database>Unknown</database>
	</source>
	<size>
		<width>1280</width>
		<height>720</height>
		<depth>3</depth>
	</size>
	<segmented>0</segmented>
	<object>
		<name>zebra</name>
		<pose>Unspecified</pose>
		<truncated>1</truncated>
		<difficult>0</difficult>
		<bndbox>
			<xmin>27</xmin>
			<ymin>106</ymin>
			<xmax>1133</xmax>
			<ymax>720</ymax>
		</bndbox>
	</object>
	<object>
		<name>car</name>
		<difficult>0.8753959536552429</difficult>
		<bndbox>
			<xmin>320</xmin>
			<ymin>349</ymin>
			<xmax>711</xmax>
			<ymax>567</ymax>
		</bndbox>
	</object>
	<object>
		<name>person</name>
		<difficult>0.6253823041915894</difficult>
		<bndbox>
			<xmin>1100</xmin>
			<ymin>289</ymin>
			<xmax>312</xmax>
			<ymax>514</ymax>
		</bndbox>
	</object>
</annotation>