<?xml version='1.0' encoding='utf8'?>
<annotation>
	<folder>zebra - 2</folder>
	<filename>IMG_20181127_145634.jpg</filename>
	<path>F:\work\dian\打标\doing\zebra - 2\IMG_20181127_145634.jpg</path>
	<source>
		<database>Unknown</database>
	</source>
	<size>
		<width>3456</width>
		<height>4608</height>
		<depth>3</depth>
	</size>
	<segmented>0</segmented>
	<object>
		<name>zebra</name>
		<pose>Unspecified</pose>
		<truncated>0</truncated>
		<difficult>0</difficult>
		<bndbox>
			<xmin>19</xmin>
			<ymin>1204</ymin>
			<xmax>3436</xmax>
			<ymax>4565</ymax>
		</bndbox>
	</object>
	<object>
		<name>person</name>
		<difficult>0.5623728632926941</difficult>
		<bndbox>
			<xmin>476</xmin>
			<ymin>177</ymin>
			<xmax>71</xmax>
			<ymax>106</ymax>
		</bndbox>
	</object>
</annotation>