<?xml version='1.0' encoding='utf8'?>
<annotation>
	<folder>zebra - 1</folder>
	<filename>78_斑马线.jpg</filename>
	<path>F:\work\dian\打标\doing\zebra - 1\78_斑马线.jpg</path>
	<source>
		<database>Unknown</database>
	</source>
	<size>
		<width>641</width>
		<height>510</height>
		<depth>3</depth>
	</size>
	<segmented>0</segmented>
	<object>
		<name>zebra</name>
		<pose>Unspecified</pose>
		<truncated>1</truncated>
		<difficult>0</difficult>
		<bndbox>
			<xmin>1</xmin>
			<ymin>193</ymin>
			<xmax>638</xmax>
			<ymax>510</ymax>
		</bndbox>
	</object>
	<object>
		<name>zebra</name>
		<pose>Unspecified</pose>
		<truncated>0</truncated>
		<difficult>0</difficult>
		<bndbox>
			<xmin>2</xmin>
			<ymin>169</ymin>
			<xmax>217</xmax>
			<ymax>187</ymax>
		</bndbox>
	</object>
	<object>
		<name>traffic light</name>
		<pose>Unspecified</pose>
		<truncated>1</truncated>
		<difficult>0</difficult>
		<bndbox>
			<xmin>94</xmin>
			<ymin>1</ymin>
			<xmax>114</xmax>
			<ymax>44</ymax>
		</bndbox>
	</object>
	<object>
		<name>traffic light</name>
		<pose>Unspecified</pose>
		<truncated>1</truncated>
		<difficult>0</difficult>
		<bndbox>
			<xmin>15</xmin>
			<ymin>1</ymin>
			<xmax>37</xmax>
			<ymax>42</ymax>
		</bndbox>
	</object>
	<object>
		<name>car</name>
		<difficult>0.7702264785766602</difficult>
		<bndbox>
			<xmin>1217</xmin>
			<ymin>573</ymin>
			<xmax>375</xmax>
			<ymax>174</ymax>
		</bndbox>
	</object>
	<object>
		<name>car</name>
		<difficult>0.6209710240364075</difficult>
		<bndbox>
			<xmin>688</xmin>
			<ymin>593</ymin>
			<xmax>256</xmax>
			<ymax>113</ymax>
		</bndbox>
	</object>
	<object>
		<name>person</name>
		<difficult>0.5809997916221619</difficult>
		<bndbox>
			<xmin>374</xmin>
			<ymin>703</ymin>
			<xmax>388</xmax>
			<ymax>485</ymax>
		</bndbox>
	</object>
</annotation>