<?xml version='1.0' encoding='utf8'?>
<annotation>
	<folder>zebra - 2</folder>
	<filename>IMG_20181127_145553.jpg</filename>
	<path>F:\work\dian\打标\doing\zebra - 2\IMG_20181127_145553.jpg</path>
	<source>
		<database>Unknown</database>
	</source>
	<size>
		<width>3456</width>
		<height>4608</height>
		<depth>3</depth>
	</size>
	<segmented>0</segmented>
	<object>
		<name>zebra</name>
		<pose>Unspecified</pose>
		<truncated>0</truncated>
		<difficult>0</difficult>
		<bndbox>
			<xmin>41</xmin>
			<ymin>1081</ymin>
			<xmax>3455</xmax>
			<ymax>2680</ymax>
		</bndbox>
	</object>
	<object>
		<name>car</name>
		<difficult>0.605441689491272</difficult>
		<bndbox>
			<xmin>133</xmin>
			<ymin>182</ymin>
			<xmax>138</xmax>
			<ymax>74</ymax>
		</bndbox>
	</object>
	<object>
		<name>car</name>
		<difficult>0.5991684794425964</difficult>
		<bndbox>
			<xmin>261</xmin>
			<ymin>154</ymin>
			<xmax>199</xmax>
			<ymax>77</ymax>
		</bndbox>
	</object>
	<object>
		<name>car</name>
		<difficult>0.5649999380111694</difficult>
		<bndbox>
			<xmin>41</xmin>
			<ymin>189</ymin>
			<xmax>88</xmax>
			<ymax>112</ymax>
		</bndbox>
	</object>
</annotation>