<?xml version='1.0' encoding='utf8'?>
<annotation>
	<folder>zebra - 1</folder>
	<filename>8_斑马线.jpg</filename>
	<path>F:\work\dian\打标\doing\zebra - 1\8_斑马线.jpg</path>
	<source>
		<database>Unknown</database>
	</source>
	<size>
		<width>580</width>
		<height>330</height>
		<depth>3</depth>
	</size>
	<segmented>0</segmented>
	<object>
		<name>zebra</name>
		<pose>Unspecified</pose>
		<truncated>0</truncated>
		<difficult>0</difficult>
		<bndbox>
			<xmin>9</xmin>
			<ymin>4</ymin>
			<xmax>578</xmax>
			<ymax>327</ymax>
		</bndbox>
	</object>
	<object>
		<name>car</name>
		<difficult>0.6576370596885681</difficult>
		<bndbox>
			<xmin>1418</xmin>
			<ymin>493</ymin>
			<xmax>293</xmax>
			<ymax>89</ymax>
		</bndbox>
	</object>
	<object>
		<name>car</name>
		<difficult>0.5125110149383545</difficult>
		<bndbox>
			<xmin>698</xmin>
			<ymin>528</ymin>
			<xmax>332</xmax>
			<ymax>118</ymax>
		</bndbox>
	</object>
</annotation>