<?xml version='1.0' encoding='utf8'?>
<annotation>
	<folder>zebra - 5</folder>
	<filename>VID_20181205_124358 017.jpg</filename>
	<path>E:\Download\windows_v1.8.1\zebra - 5\VID_20181205_124358 017.jpg</path>
	<source>
		<database>Unknown</database>
	</source>
	<size>
		<width>1280</width>
		<height>720</height>
		<depth>3</depth>
	</size>
	<segmented>0</segmented>
	<object>
		<name>zebra</name>
		<pose>Unspecified</pose>
		<truncated>0</truncated>
		<difficult>0</difficult>
		<bndbox>
			<xmin>127</xmin>
			<ymin>130</ymin>
			<xmax>1253</xmax>
			<ymax>545</ymax>
		</bndbox>
	</object>
	<object>
		<name>bus</name>
		<difficult>0.6860100030899048</difficult>
		<bndbox>
			<xmin>371</xmin>
			<ymin>805</ymin>
			<xmax>754</xmax>
			<ymax>519</ymax>
		</bndbox>
	</object>
</annotation>