<?xml version='1.0' encoding='utf8'?>
<annotation>
	<folder>zebra - 1</folder>
	<filename>35_斑马线 (2).jpg</filename>
	<path>F:\work\dian\打标\doing\zebra - 1\35_斑马线 (2).jpg</path>
	<source>
		<database>Unknown</database>
	</source>
	<size>
		<width>600</width>
		<height>420</height>
		<depth>3</depth>
	</size>
	<segmented>0</segmented>
	<object>
		<name>zebra</name>
		<pose>Unspecified</pose>
		<truncated>1</truncated>
		<difficult>0</difficult>
		<bndbox>
			<xmin>1</xmin>
			<ymin>296</ymin>
			<xmax>597</xmax>
			<ymax>360</ymax>
		</bndbox>
	</object>
	<object>
		<name>person</name>
		<difficult>0.8080975413322449</difficult>
		<bndbox>
			<xmin>218</xmin>
			<ymin>1072</ymin>
			<xmax>457</xmax>
			<ymax>1643</ymax>
		</bndbox>
	</object>
</annotation>