<?xml version='1.0' encoding='utf8'?>
<annotation>
	<folder>zebra - 1</folder>
	<filename>93_斑马线 (2).jpg</filename>
	<path>F:\work\dian\打标\doing\zebra - 1\93_斑马线 (2).jpg</path>
	<source>
		<database>Unknown</database>
	</source>
	<size>
		<width>400</width>
		<height>258</height>
		<depth>1</depth>
	</size>
	<segmented>0</segmented>
	<object>
		<name>zebra</name>
		<pose>Unspecified</pose>
		<truncated>0</truncated>
		<difficult>0</difficult>
		<bndbox>
			<xmin>4</xmin>
			<ymin>90</ymin>
			<xmax>192</xmax>
			<ymax>204</ymax>
		</bndbox>
	</object>
	<object>
		<name>zebra</name>
		<pose>Unspecified</pose>
		<truncated>0</truncated>
		<difficult>0</difficult>
		<bndbox>
			<xmin>223</xmin>
			<ymin>103</ymin>
			<xmax>399</xmax>
			<ymax>257</ymax>
		</bndbox>
	</object>
	<object>
		<name>zebra</name>
		<pose>Unspecified</pose>
		<truncated>1</truncated>
		<difficult>0</difficult>
		<bndbox>
			<xmin>177</xmin>
			<ymin>1</ymin>
			<xmax>255</xmax>
			<ymax>72</ymax>
		</bndbox>
	</object>
</annotation>