<?xml version='1.0' encoding='utf8'?>
<annotation>
	<folder>zebra - 7</folder>
	<filename>VID_20181207_190720009.jpg</filename>
	<path>E:\迅雷下载\zebra - 7\zebra - 7\VID_20181207_190720009.jpg</path>
	<source>
		<database>Unknown</database>
	</source>
	<size>
		<width>1920</width>
		<height>1080</height>
		<depth>3</depth>
	</size>
	<segmented>0</segmented>
	<object>
		<name>zebra</name>
		<pose>Unspecified</pose>
		<truncated>0</truncated>
		<difficult>0</difficult>
		<bndbox>
			<xmin>189</xmin>
			<ymin>467</ymin>
			<xmax>1189</xmax>
			<ymax>618</ymax>
		</bndbox>
	</object>
</annotation>