<?xml version='1.0' encoding='utf8'?>
<annotation>
	<folder>zebra - 4</folder>
	<filename>traffic_light_500.jpg</filename>
	<path>E:\Download\windows_v1.8.1\zebra - 4\traffic_light_500.jpg</path>
	<source>
		<database>Unknown</database>
	</source>
	<size>
		<width>1920</width>
		<height>1080</height>
		<depth>3</depth>
	</size>
	<segmented>0</segmented>
	<object>
		<name>zebra</name>
		<pose>Unspecified</pose>
		<truncated>0</truncated>
		<difficult>0</difficult>
		<bndbox>
			<xmin>858</xmin>
			<ymin>678</ymin>
			<xmax>1527</xmax>
			<ymax>753</ymax>
		</bndbox>
	</object>
	<object>
		<name>zebra</name>
		<pose>Unspecified</pose>
		<truncated>0</truncated>
		<difficult>0</difficult>
		<bndbox>
			<xmin>110</xmin>
			<ymin>767</ymin>
			<xmax>1872</xmax>
			<ymax>1048</ymax>
		</bndbox>
	</object>
	<object>
		<name>zebra</name>
		<pose>Unspecified</pose>
		<truncated>0</truncated>
		<difficult>0</difficult>
		<bndbox>
			<xmin>6</xmin>
			<ymin>663</ymin>
			<xmax>532</xmax>
			<ymax>759</ymax>
		</bndbox>
	</object>
	<object>
		<name>car</name>
		<difficult>0.6253869533538818</difficult>
		<bndbox>
			<xmin>647</xmin>
			<ymin>388</ymin>
			<xmax>244</xmax>
			<ymax>104</ymax>
		</bndbox>
	</object>
</annotation>