<?xml version='1.0' encoding='utf8'?>
<annotation>
	<folder>zebra - 8</folder>
	<filename>VID_20181209_220804008.jpg</filename>
	<path>E:\迅雷下载\zebra - 8\zebra - 8\VID_20181209_220804008.jpg</path>
	<source>
		<database>Unknown</database>
	</source>
	<size>
		<width>1080</width>
		<height>1920</height>
		<depth>3</depth>
	</size>
	<segmented>0</segmented>
	<object>
		<name>zebra</name>
		<pose>Unspecified</pose>
		<truncated>0</truncated>
		<difficult>0</difficult>
		<bndbox>
			<xmin>498</xmin>
			<ymin>566</ymin>
			<xmax>1030</xmax>
			<ymax>822</ymax>
		</bndbox>
	</object>
	<object>
		<name>zebra</name>
		<pose>Unspecified</pose>
		<truncated>0</truncated>
		<difficult>0</difficult>
		<bndbox>
			<xmin>10</xmin>
			<ymin>544</ymin>
			<xmax>734</xmax>
			<ymax>1424</ymax>
		</bndbox>
	</object>
	<object>
		<name>zebra</name>
		<pose>Unspecified</pose>
		<truncated>1</truncated>
		<difficult>0</difficult>
		<bndbox>
			<xmin>738</xmin>
			<ymin>1528</ymin>
			<xmax>1080</xmax>
			<ymax>1912</ymax>
		</bndbox>
	</object>
</annotation>