<?xml version='1.0' encoding='utf8'?>
<annotation>
	<folder>zebra - 1</folder>
	<filename>115_斑马线.jpg</filename>
	<path>F:\work\dian\打标\doing\zebra - 1\115_斑马线.jpg</path>
	<source>
		<database>Unknown</database>
	</source>
	<size>
		<width>0</width>
		<height>0</height>
		<depth>3</depth>
	</size>
	<segmented>0</segmented>
	<object>
		<name>zebra</name>
		<pose>Unspecified</pose>
		<truncated>0</truncated>
		<difficult>0</difficult>
		<bndbox>
			<xmin>378</xmin>
			<ymin>125</ymin>
			<xmax>704</xmax>
			<ymax>367</ymax>
		</bndbox>
	</object>
	<object>
		<name>zebra</name>
		<pose>Unspecified</pose>
		<truncated>1</truncated>
		<difficult>0</difficult>
		<bndbox>
			<xmin>1</xmin>
			<ymin>52</ymin>
			<xmax>372</xmax>
			<ymax>369</ymax>
		</bndbox>
	</object>
	<object>
		<name>car</name>
		<difficult>0.7603281736373901</difficult>
		<bndbox>
			<xmin>1263</xmin>
			<ymin>502</ymin>
			<xmax>305</xmax>
			<ymax>123</ymax>
		</bndbox>
	</object>
	<object>
		<name>car</name>
		<difficult>0.686550498008728</difficult>
		<bndbox>
			<xmin>1857</xmin>
			<ymin>495</ymin>
			<xmax>139</xmax>
			<ymax>135</ymax>
		</bndbox>
	</object>
</annotation>