<?xml version='1.0' encoding='utf8'?>
<annotation>
	<folder>zebra - 2</folder>
	<filename>151_斑马线.jpg</filename>
	<path>F:\work\dian\打标\doing\zebra - 2\151_斑马线.jpg</path>
	<source>
		<database>Unknown</database>
	</source>
	<size>
		<width>227</width>
		<height>300</height>
		<depth>3</depth>
	</size>
	<segmented>0</segmented>
	<object>
		<name>zebra</name>
		<pose>Unspecified</pose>
		<truncated>1</truncated>
		<difficult>0</difficult>
		<bndbox>
			<xmin>2</xmin>
			<ymin>4</ymin>
			<xmax>227</xmax>
			<ymax>269</ymax>
		</bndbox>
	</object>
	<object>
		<name>car</name>
		<difficult>0.5605698823928833</difficult>
		<bndbox>
			<xmin>376</xmin>
			<ymin>396</ymin>
			<xmax>196</xmax>
			<ymax>92</ymax>
		</bndbox>
	</object>
	<object>
		<name>person</name>
		<difficult>0.5485866665840149</difficult>
		<bndbox>
			<xmin>870</xmin>
			<ymin>427</ymin>
			<xmax>79</xmax>
			<ymax>170</ymax>
		</bndbox>
	</object>
</annotation>