<?xml version='1.0' encoding='utf8'?>
<annotation>
	<folder>zebra - 8</folder>
	<filename>VID_20181209_215409016.jpg</filename>
	<path>E:\迅雷下载\zebra - 8\zebra - 8\VID_20181209_215409016.jpg</path>
	<source>
		<database>Unknown</database>
	</source>
	<size>
		<width>1920</width>
		<height>1080</height>
		<depth>3</depth>
	</size>
	<segmented>0</segmented>
	<object>
		<name>traffic light</name>
		<pose>Unspecified</pose>
		<truncated>0</truncated>
		<difficult>0</difficult>
		<bndbox>
			<xmin>29</xmin>
			<ymin>303</ymin>
			<xmax>229</xmax>
			<ymax>432</ymax>
		</bndbox>
	</object>
	<object>
		<name>zebra</name>
		<pose>Unspecified</pose>
		<truncated>0</truncated>
		<difficult>0</difficult>
		<bndbox>
			<xmin>235</xmin>
			<ymin>829</ymin>
			<xmax>1691</xmax>
			<ymax>989</ymax>
		</bndbox>
	</object>
	<object>
		<name>car</name>
		<difficult>0.7263299226760864</difficult>
		<bndbox>
			<xmin>110</xmin>
			<ymin>312</ymin>
			<xmax>235</xmax>
			<ymax>111</ymax>
		</bndbox>
	</object>
	<object>
		<name>person</name>
		<difficult>0.63075852394104</difficult>
		<bndbox>
			<xmin>836</xmin>
			<ymin>329</ymin>
			<xmax>87</xmax>
			<ymax>192</ymax>
		</bndbox>
	</object>
</annotation>