<?xml version='1.0' encoding='utf8'?>
<annotation>
	<folder>zebra - 2</folder>
	<filename>IMG_20181127_145432.jpg</filename>
	<path>F:\work\dian\打标\doing\zebra - 2\IMG_20181127_145432.jpg</path>
	<source>
		<database>Unknown</database>
	</source>
	<size>
		<width>3456</width>
		<height>4608</height>
		<depth>3</depth>
	</size>
	<segmented>0</segmented>
	<object>
		<name>zebra</name>
		<pose>Unspecified</pose>
		<truncated>1</truncated>
		<difficult>0</difficult>
		<bndbox>
			<xmin>19</xmin>
			<ymin>1137</ymin>
			<xmax>3456</xmax>
			<ymax>2539</ymax>
		</bndbox>
	</object>
	<object>
		<name>zebra</name>
		<pose>Unspecified</pose>
		<truncated>0</truncated>
		<difficult>0</difficult>
		<bndbox>
			<xmin>541</xmin>
			<ymin>881</ymin>
			<xmax>2791</xmax>
			<ymax>1242</ymax>
		</bndbox>
	</object>
	<object>
		<name>car</name>
		<difficult>0.7953445315361023</difficult>
		<bndbox>
			<xmin>914</xmin>
			<ymin>57</ymin>
			<xmax>236</xmax>
			<ymax>98</ymax>
		</bndbox>
	</object>
	<object>
		<name>car</name>
		<difficult>0.7035120725631714</difficult>
		<bndbox>
			<xmin>621</xmin>
			<ymin>50</ymin>
			<xmax>121</xmax>
			<ymax>101</ymax>
		</bndbox>
	</object>
	<object>
		<name>car</name>
		<difficult>0.6855104565620422</difficult>
		<bndbox>
			<xmin>1104</xmin>
			<ymin>50</ymin>
			<xmax>245</xmax>
			<ymax>105</ymax>
		</bndbox>
	</object>
	<object>
		<name>car</name>
		<difficult>0.5832478404045105</difficult>
		<bndbox>
			<xmin>1222</xmin>
			<ymin>55</ymin>
			<xmax>118</xmax>
			<ymax>112</ymax>
		</bndbox>
	</object>
</annotation>