<?xml version='1.0' encoding='utf8'?>
<annotation>
	<folder>zebra</folder>
	<filename>VID_20181217_000731.mp4(630).jpg</filename>
	<path>E:\迅雷下载\zebra\VID_20181217_000731.mp4(630).jpg</path>
	<source>
		<database>Unknown</database>
	</source>
	<size>
		<width>1080</width>
		<height>1920</height>
		<depth>3</depth>
	</size>
	<segmented>0</segmented>
	<object>
		<name>zebra</name>
		<pose>Unspecified</pose>
		<truncated>1</truncated>
		<difficult>0</difficult>
		<bndbox>
			<xmin>1</xmin>
			<ymin>266</ymin>
			<xmax>710</xmax>
			<ymax>1360</ymax>
		</bndbox>
	</object>
	<object>
		<name>person</name>
		<difficult>0.6903124451637268</difficult>
		<bndbox>
			<xmin>728</xmin>
			<ymin>404</ymin>
			<xmax>106</xmax>
			<ymax>216</ymax>
		</bndbox>
	</object>
	<object>
		<name>person</name>
		<difficult>0.6875842213630676</difficult>
		<bndbox>
			<xmin>146</xmin>
			<ymin>417</ymin>
			<xmax>154</xmax>
			<ymax>246</ymax>
		</bndbox>
	</object>
	<object>
		<name>motorbike</name>
		<difficult>0.615662693977356</difficult>
		<bndbox>
			<xmin>149</xmin>
			<ymin>461</ymin>
			<xmax>263</xmax>
			<ymax>208</ymax>
		</bndbox>
	</object>
</annotation>