<?xml version='1.0' encoding='utf8'?>
<annotation>
	<folder>zebra - 6</folder>
	<filename>VID_20181205_124659 147.jpg</filename>
	<path>E:\Download\windows_v1.8.1\zebra - 6\VID_20181205_124659 147.jpg</path>
	<source>
		<database>Unknown</database>
	</source>
	<size>
		<width>1280</width>
		<height>720</height>
		<depth>3</depth>
	</size>
	<segmented>0</segmented>
	<object>
		<name>zebra</name>
		<pose>Unspecified</pose>
		<truncated>1</truncated>
		<difficult>0</difficult>
		<bndbox>
			<xmin>2</xmin>
			<ymin>233</ymin>
			<xmax>1174</xmax>
			<ymax>720</ymax>
		</bndbox>
	</object>
	<object>
		<name>person</name>
		<difficult>0.8209766745567322</difficult>
		<bndbox>
			<xmin>1438</xmin>
			<ymin>552</ymin>
			<xmax>495</xmax>
			<ymax>724</ymax>
		</bndbox>
	</object>
	<object>
		<name>car</name>
		<difficult>0.7676622867584229</difficult>
		<bndbox>
			<xmin>980</xmin>
			<ymin>502</ymin>
			<xmax>577</xmax>
			<ymax>389</ymax>
		</bndbox>
	</object>
	<object>
		<name>car</name>
		<difficult>0.581321656703949</difficult>
		<bndbox>
			<xmin>625</xmin>
			<ymin>425</ymin>
			<xmax>428</xmax>
			<ymax>175</ymax>
		</bndbox>
	</object>
</annotation>