<?xml version='1.0' encoding='utf8'?>
<annotation>
	<folder>star</folder>
	<filename>hearing-zebra-142.jpg</filename>
	<path>E:\Download\windows_v1.8.1\star\hearing-zebra-142.jpg</path>
	<source>
		<database>Unknown</database>
	</source>
	<size>
		<width>500</width>
		<height>500</height>
		<depth>3</depth>
	</size>
	<segmented>0</segmented>
	<object>
		<name>zebra</name>
		<pose>Unspecified</pose>
		<truncated>1</truncated>
		<difficult>0</difficult>
		<bndbox>
			<xmin>51</xmin>
			<ymin>15</ymin>
			<xmax>500</xmax>
			<ymax>478</ymax>
		</bndbox>
	</object>
	<object>
		<name>car</name>
		<difficult>0.7059538960456848</difficult>
		<bndbox>
			<xmin>347</xmin>
			<ymin>428</ymin>
			<xmax>174</xmax>
			<ymax>81</ymax>
		</bndbox>
	</object>
	<object>
		<name>car</name>
		<difficult>0.6723982691764832</difficult>
		<bndbox>
			<xmin>256</xmin>
			<ymin>432</ymin>
			<xmax>253</xmax>
			<ymax>109</ymax>
		</bndbox>
	</object>
</annotation>