<?xml version='1.0' encoding='utf8'?>
<annotation>
	<folder>zebra - 2</folder>
	<filename>140_斑马线.jpg</filename>
	<path>F:\work\dian\打标\doing\zebra - 2\140_斑马线.jpg</path>
	<source>
		<database>Unknown</database>
	</source>
	<size>
		<width>468</width>
		<height>286</height>
		<depth>3</depth>
	</size>
	<segmented>0</segmented>
	<object>
		<name>zebra</name>
		<pose>Unspecified</pose>
		<truncated>0</truncated>
		<difficult>0</difficult>
		<bndbox>
			<xmin>3</xmin>
			<ymin>168</ymin>
			<xmax>467</xmax>
			<ymax>273</ymax>
		</bndbox>
	</object>
	<object>
		<name>car</name>
		<difficult>0.69280606508255</difficult>
		<bndbox>
			<xmin>151</xmin>
			<ymin>129</ymin>
			<xmax>255</xmax>
			<ymax>108</ymax>
		</bndbox>
	</object>
	<object>
		<name>car</name>
		<difficult>0.5953237414360046</difficult>
		<bndbox>
			<xmin>452</xmin>
			<ymin>89</ymin>
			<xmax>154</xmax>
			<ymax>69</ymax>
		</bndbox>
	</object>
	<object>
		<name>car</name>
		<difficult>0.5859379172325134</difficult>
		<bndbox>
			<xmin>61</xmin>
			<ymin>142</ymin>
			<xmax>120</xmax>
			<ymax>121</ymax>
		</bndbox>
	</object>
	<object>
		<name>car</name>
		<difficult>0.5858860611915588</difficult>
		<bndbox>
			<xmin>342</xmin>
			<ymin>101</ymin>
			<xmax>118</xmax>
			<ymax>68</ymax>
		</bndbox>
	</object>
</annotation>