<?xml version='1.0' encoding='utf8'?>
<annotation>
	<folder>zebra - 3</folder>
	<filename>traffic_light_115.jpg</filename>
	<path>E:\迅雷下载\zebra - 3\zebra - 3\traffic_light_115.jpg</path>
	<source>
		<database>Unknown</database>
	</source>
	<size>
		<width>1920</width>
		<height>1080</height>
		<depth>3</depth>
	</size>
	<segmented>0</segmented>
	<object>
		<name>stairs</name>
		<pose>Unspecified</pose>
		<truncated>0</truncated>
		<difficult>0</difficult>
		<bndbox>
			<xmin>700</xmin>
			<ymin>516</ymin>
			<xmax>1275</xmax>
			<ymax>581</ymax>
		</bndbox>
	</object>
	<object>
		<name>stairs</name>
		<pose>Unspecified</pose>
		<truncated>0</truncated>
		<difficult>0</difficult>
		<bndbox>
			<xmin>1332</xmin>
			<ymin>467</ymin>
			<xmax>1819</xmax>
			<ymax>521</ymax>
		</bndbox>
	</object>
	<object>
		<name>stairs</name>
		<pose>Unspecified</pose>
		<truncated>1</truncated>
		<difficult>0</difficult>
		<bndbox>
			<xmin>1724</xmin>
			<ymin>532</ymin>
			<xmax>1920</xmax>
			<ymax>602</ymax>
		</bndbox>
	</object>
	<object>
		<name>stairs</name>
		<pose>Unspecified</pose>
		<truncated>0</truncated>
		<difficult>0</difficult>
		<bndbox>
			<xmin>584</xmin>
			<ymin>575</ymin>
			<xmax>1656</xmax>
			<ymax>734</ymax>
		</bndbox>
	</object>
	<object>
		<name>person</name>
		<difficult>0.6240578889846802</difficult>
		<bndbox>
			<xmin>903</xmin>
			<ymin>89</ymin>
			<xmax>140</xmax>
			<ymax>138</ymax>
		</bndbox>
	</object>
	<object>
		<name>person</name>
		<difficult>0.6066218614578247</difficult>
		<bndbox>
			<xmin>160</xmin>
			<ymin>176</ymin>
			<xmax>160</xmax>
			<ymax>220</ymax>
		</bndbox>
	</object>
	<object>
		<name>person</name>
		<difficult>0.5096433758735657</difficult>
		<bndbox>
			<xmin>210</xmin>
			<ymin>173</ymin>
			<xmax>115</xmax>
			<ymax>191</ymax>
		</bndbox>
	</object>
</annotation>