<?xml version='1.0' encoding='utf8'?>
<annotation>
	<folder>star</folder>
	<filename>hearing-zebra-50.jpg</filename>
	<path>E:\Download\windows_v1.8.1\star\hearing-zebra-50.jpg</path>
	<source>
		<database>Unknown</database>
	</source>
	<size>
		<width>500</width>
		<height>327</height>
		<depth>3</depth>
	</size>
	<segmented>0</segmented>
	<object>
		<name>zebra</name>
		<pose>Unspecified</pose>
		<truncated>1</truncated>
		<difficult>0</difficult>
		<bndbox>
			<xmin>7</xmin>
			<ymin>275</ymin>
			<xmax>500</xmax>
			<ymax>323</ymax>
		</bndbox>
	</object>
	<object>
		<name>car</name>
		<difficult>0.6735433340072632</difficult>
		<bndbox>
			<xmin>80</xmin>
			<ymin>139</ymin>
			<xmax>167</xmax>
			<ymax>110</ymax>
		</bndbox>
	</object>
	<object>
		<name>car</name>
		<difficult>0.6216655373573303</difficult>
		<bndbox>
			<xmin>365</xmin>
			<ymin>103</ymin>
			<xmax>124</xmax>
			<ymax>68</ymax>
		</bndbox>
	</object>
	<object>
		<name>car</name>
		<difficult>0.599700927734375</difficult>
		<bndbox>
			<xmin>233</xmin>
			<ymin>125</ymin>
			<xmax>190</xmax>
			<ymax>85</ymax>
		</bndbox>
	</object>
</annotation>