<?xml version='1.0' encoding='utf8'?>
<annotation>
	<folder>zebra - 6</folder>
	<filename>VID_20181205_124659 184.jpg</filename>
	<path>E:\Download\windows_v1.8.1\zebra - 6\VID_20181205_124659 184.jpg</path>
	<source>
		<database>Unknown</database>
	</source>
	<size>
		<width>1280</width>
		<height>720</height>
		<depth>3</depth>
	</size>
	<segmented>0</segmented>
	<object>
		<name>zebra</name>
		<pose>Unspecified</pose>
		<truncated>0</truncated>
		<difficult>0</difficult>
		<bndbox>
			<xmin>4</xmin>
			<ymin>114</ymin>
			<xmax>736</xmax>
			<ymax>273</ymax>
		</bndbox>
	</object>
	<object>
		<name>car</name>
		<difficult>0.6933979988098145</difficult>
		<bndbox>
			<xmin>576</xmin>
			<ymin>28</ymin>
			<xmax>155</xmax>
			<ymax>79</ymax>
		</bndbox>
	</object>
	<object>
		<name>car</name>
		<difficult>0.6858963370323181</difficult>
		<bndbox>
			<xmin>906</xmin>
			<ymin>23</ymin>
			<xmax>181</xmax>
			<ymax>70</ymax>
		</bndbox>
	</object>
</annotation>