<?xml version='1.0' encoding='utf8'?>
<annotation>
	<folder>zebra - 6</folder>
	<filename>VID_20181205_124659 032.jpg</filename>
	<path>E:\Download\windows_v1.8.1\zebra - 6\VID_20181205_124659 032.jpg</path>
	<source>
		<database>Unknown</database>
	</source>
	<size>
		<width>1280</width>
		<height>720</height>
		<depth>3</depth>
	</size>
	<segmented>0</segmented>
	<object>
		<name>zebra</name>
		<pose>Unspecified</pose>
		<truncated>1</truncated>
		<difficult>0</difficult>
		<bndbox>
			<xmin>12</xmin>
			<ymin>184</ymin>
			<xmax>1196</xmax>
			<ymax>720</ymax>
		</bndbox>
	</object>
	<object>
		<name>person</name>
		<difficult>0.9138376712799072</difficult>
		<bndbox>
			<xmin>1510</xmin>
			<ymin>515</ymin>
			<xmax>764</xmax>
			<ymax>946</ymax>
		</bndbox>
	</object>
	<object>
		<name>car</name>
		<difficult>0.870479941368103</difficult>
		<bndbox>
			<xmin>308</xmin>
			<ymin>414</ymin>
			<xmax>647</xmax>
			<ymax>885</ymax>
		</bndbox>
	</object>
</annotation>