<?xml version='1.0' encoding='utf8'?>
<annotation>
	<folder>zebra</folder>
	<filename>VID_20181217_000916.mp4(690).jpg</filename>
	<path>E:\迅雷下载\zebra\VID_20181217_000916.mp4(690).jpg</path>
	<source>
		<database>Unknown</database>
	</source>
	<size>
		<width>1080</width>
		<height>1920</height>
		<depth>3</depth>
	</size>
	<segmented>0</segmented>
	<object>
		<name>traffic light</name>
		<pose>Unspecified</pose>
		<truncated>0</truncated>
		<difficult>0</difficult>
		<bndbox>
			<xmin>760</xmin>
			<ymin>440</ymin>
			<xmax>882</xmax>
			<ymax>640</ymax>
		</bndbox>
	</object>
	<object>
		<name>zebra</name>
		<pose>Unspecified</pose>
		<truncated>1</truncated>
		<difficult>0</difficult>
		<bndbox>
			<xmin>8</xmin>
			<ymin>1052</ymin>
			<xmax>1080</xmax>
			<ymax>1195</ymax>
		</bndbox>
	</object>
	<object>
		<name>car</name>
		<difficult>0.638847291469574</difficult>
		<bndbox>
			<xmin>66</xmin>
			<ymin>150</ymin>
			<xmax>138</xmax>
			<ymax>106</ymax>
		</bndbox>
	</object>
	<object>
		<name>car</name>
		<difficult>0.592829167842865</difficult>
		<bndbox>
			<xmin>147</xmin>
			<ymin>139</ymin>
			<xmax>203</xmax>
			<ymax>85</ymax>
		</bndbox>
	</object>
	<object>
		<name>car</name>
		<difficult>0.552800714969635</difficult>
		<bndbox>
			<xmin>234</xmin>
			<ymin>128</ymin>
			<xmax>137</xmax>
			<ymax>67</ymax>
		</bndbox>
	</object>
</annotation>