<?xml version='1.0' encoding='utf8'?>
<annotation>
	<folder>zebra - 4</folder>
	<filename>traffic_light_505.jpg</filename>
	<path>E:\Download\windows_v1.8.1\zebra - 4\traffic_light_505.jpg</path>
	<source>
		<database>Unknown</database>
	</source>
	<size>
		<width>1920</width>
		<height>1080</height>
		<depth>3</depth>
	</size>
	<segmented>0</segmented>
	<object>
		<name>zebra</name>
		<pose>Unspecified</pose>
		<truncated>0</truncated>
		<difficult>0</difficult>
		<bndbox>
			<xmin>861</xmin>
			<ymin>772</ymin>
			<xmax>1543</xmax>
			<ymax>861</ymax>
		</bndbox>
	</object>
	<object>
		<name>zebra</name>
		<pose>Unspecified</pose>
		<truncated>1</truncated>
		<difficult>0</difficult>
		<bndbox>
			<xmin>123</xmin>
			<ymin>865</ymin>
			<xmax>1780</xmax>
			<ymax>1080</ymax>
		</bndbox>
	</object>
	<object>
		<name>zebra</name>
		<pose>Unspecified</pose>
		<truncated>0</truncated>
		<difficult>0</difficult>
		<bndbox>
			<xmin>6</xmin>
			<ymin>764</ymin>
			<xmax>534</xmax>
			<ymax>856</ymax>
		</bndbox>
	</object>
	<object>
		<name>car</name>
		<difficult>0.7160007953643799</difficult>
		<bndbox>
			<xmin>201</xmin>
			<ymin>456</ymin>
			<xmax>148</xmax>
			<ymax>88</ymax>
		</bndbox>
	</object>
</annotation>