<?xml version='1.0' encoding='utf8'?>
<annotation>
	<folder>zebra - 2</folder>
	<filename>150_斑马线.jpg</filename>
	<path>F:\work\dian\打标\doing\zebra - 2\150_斑马线.jpg</path>
	<source>
		<database>Unknown</database>
	</source>
	<size>
		<width>360</width>
		<height>254</height>
		<depth>3</depth>
	</size>
	<segmented>0</segmented>
	<object>
		<name>zebra</name>
		<pose>Unspecified</pose>
		<truncated>1</truncated>
		<difficult>0</difficult>
		<bndbox>
			<xmin>1</xmin>
			<ymin>7</ymin>
			<xmax>359</xmax>
			<ymax>253</ymax>
		</bndbox>
	</object>
	<object>
		<name>zebra</name>
		<pose>Unspecified</pose>
		<truncated>1</truncated>
		<difficult>0</difficult>
		<bndbox>
			<xmin>229</xmin>
			<ymin>1</ymin>
			<xmax>360</xmax>
			<ymax>8</ymax>
		</bndbox>
	</object>
	<object>
		<name>car</name>
		<difficult>0.7304661870002747</difficult>
		<bndbox>
			<xmin>826</xmin>
			<ymin>72</ymin>
			<xmax>223</xmax>
			<ymax>99</ymax>
		</bndbox>
	</object>
	<object>
		<name>car</name>
		<difficult>0.5421737432479858</difficult>
		<bndbox>
			<xmin>946</xmin>
			<ymin>53</ymin>
			<xmax>158</xmax>
			<ymax>77</ymax>
		</bndbox>
	</object>
</annotation>