<?xml version='1.0' encoding='utf8'?>
<annotation>
	<folder>zebra - 6</folder>
	<filename>VID_20181205_124659 140.jpg</filename>
	<path>E:\Download\windows_v1.8.1\zebra - 6\VID_20181205_124659 140.jpg</path>
	<source>
		<database>Unknown</database>
	</source>
	<size>
		<width>1280</width>
		<height>720</height>
		<depth>3</depth>
	</size>
	<segmented>0</segmented>
	<object>
		<name>zebra</name>
		<pose>Unspecified</pose>
		<truncated>1</truncated>
		<difficult>0</difficult>
		<bndbox>
			<xmin>4</xmin>
			<ymin>176</ymin>
			<xmax>1221</xmax>
			<ymax>720</ymax>
		</bndbox>
	</object>
	<object>
		<name>car</name>
		<difficult>0.5491403937339783</difficult>
		<bndbox>
			<xmin>1659</xmin>
			<ymin>662</ymin>
			<xmax>217</xmax>
			<ymax>112</ymax>
		</bndbox>
	</object>
</annotation>