<?xml version='1.0' encoding='utf8'?>
<annotation>
	<folder>zebra - 8</folder>
	<filename>VID_20181207_191620055.jpg</filename>
	<path>E:\迅雷下载\zebra - 8\zebra - 8\VID_20181207_191620055.jpg</path>
	<source>
		<database>Unknown</database>
	</source>
	<size>
		<width>1920</width>
		<height>1080</height>
		<depth>3</depth>
	</size>
	<segmented>0</segmented>
	<object>
		<name>traffic light</name>
		<pose>Unspecified</pose>
		<truncated>0</truncated>
		<difficult>0</difficult>
		<bndbox>
			<xmin>718</xmin>
			<ymin>221</ymin>
			<xmax>776</xmax>
			<ymax>315</ymax>
		</bndbox>
	</object>
	<object>
		<name>traffic light</name>
		<pose>Unspecified</pose>
		<truncated>0</truncated>
		<difficult>0</difficult>
		<bndbox>
			<xmin>1761</xmin>
			<ymin>205</ymin>
			<xmax>1845</xmax>
			<ymax>327</ymax>
		</bndbox>
	</object>
	<object>
		<name>zebra</name>
		<pose>Unspecified</pose>
		<truncated>0</truncated>
		<difficult>0</difficult>
		<bndbox>
			<xmin>10</xmin>
			<ymin>492</ymin>
			<xmax>1497</xmax>
			<ymax>1005</ymax>
		</bndbox>
	</object>
	<object>
		<name>car</name>
		<difficult>0.6246204972267151</difficult>
		<bndbox>
			<xmin>97</xmin>
			<ymin>524</ymin>
			<xmax>186</xmax>
			<ymax>194</ymax>
		</bndbox>
	</object>
</annotation>