<?xml version='1.0' encoding='utf8'?>
<annotation>
	<folder>zebra - 4</folder>
	<filename>VID_20181129_174445020.jpg</filename>
	<path>E:\Download\windows_v1.8.1\zebra - 4\VID_20181129_174445020.jpg</path>
	<source>
		<database>Unknown</database>
	</source>
	<size>
		<width>1080</width>
		<height>1920</height>
		<depth>3</depth>
	</size>
	<segmented>0</segmented>
	<object>
		<name>zebra</name>
		<pose>Unspecified</pose>
		<truncated>0</truncated>
		<difficult>0</difficult>
		<bndbox>
			<xmin>11</xmin>
			<ymin>536</ymin>
			<xmax>507</xmax>
			<ymax>1040</ymax>
		</bndbox>
	</object>
	<object>
		<name>car</name>
		<difficult>0.5688919425010681</difficult>
		<bndbox>
			<xmin>59</xmin>
			<ymin>188</ymin>
			<xmax>132</xmax>
			<ymax>123</ymax>
		</bndbox>
	</object>
</annotation>