<?xml version='1.0' encoding='utf8'?>
<annotation>
	<folder>zebra - 3</folder>
	<filename>traffic_light_104.jpg</filename>
	<path>E:\迅雷下载\zebra - 3\zebra - 3\traffic_light_104.jpg</path>
	<source>
		<database>Unknown</database>
	</source>
	<size>
		<width>1920</width>
		<height>1080</height>
		<depth>3</depth>
	</size>
	<segmented>0</segmented>
	<object>
		<name>stairs</name>
		<pose>Unspecified</pose>
		<truncated>0</truncated>
		<difficult>0</difficult>
		<bndbox>
			<xmin>1026</xmin>
			<ymin>532</ymin>
			<xmax>1538</xmax>
			<ymax>581</ymax>
		</bndbox>
	</object>
	<object>
		<name>stairs</name>
		<pose>Unspecified</pose>
		<truncated>1</truncated>
		<difficult>0</difficult>
		<bndbox>
			<xmin>1602</xmin>
			<ymin>491</ymin>
			<xmax>1920</xmax>
			<ymax>540</ymax>
		</bndbox>
	</object>
	<object>
		<name>stairs</name>
		<pose>Unspecified</pose>
		<truncated>1</truncated>
		<difficult>0</difficult>
		<bndbox>
			<xmin>830</xmin>
			<ymin>580</ymin>
			<xmax>1920</xmax>
			<ymax>764</ymax>
		</bndbox>
	</object>
	<object>
		<name>car</name>
		<difficult>0.7840351462364197</difficult>
		<bndbox>
			<xmin>930</xmin>
			<ymin>44</ymin>
			<xmax>224</xmax>
			<ymax>93</ymax>
		</bndbox>
	</object>
	<object>
		<name>car</name>
		<difficult>0.7216249704360962</difficult>
		<bndbox>
			<xmin>1104</xmin>
			<ymin>42</ymin>
			<xmax>203</xmax>
			<ymax>94</ymax>
		</bndbox>
	</object>
	<object>
		<name>car</name>
		<difficult>0.7149333357810974</difficult>
		<bndbox>
			<xmin>629</xmin>
			<ymin>38</ymin>
			<xmax>119</xmax>
			<ymax>87</ymax>
		</bndbox>
	</object>
	<object>
		<name>car</name>
		<difficult>0.5109327435493469</difficult>
		<bndbox>
			<xmin>1245</xmin>
			<ymin>46</ymin>
			<xmax>80</xmax>
			<ymax>96</ymax>
		</bndbox>
	</object>
</annotation>