<?xml version='1.0' encoding='utf8'?>
<annotation>
	<folder>zebra - 1</folder>
	<filename>13_斑马线.jpg</filename>
	<path>F:\work\dian\打标\doing\zebra - 1\13_斑马线.jpg</path>
	<source>
		<database>Unknown</database>
	</source>
	<size>
		<width>1023</width>
		<height>572</height>
		<depth>3</depth>
	</size>
	<segmented>0</segmented>
	<object>
		<name>zebra</name>
		<pose>Unspecified</pose>
		<truncated>0</truncated>
		<difficult>0</difficult>
		<bndbox>
			<xmin>7</xmin>
			<ymin>66</ymin>
			<xmax>1021</xmax>
			<ymax>561</ymax>
		</bndbox>
	</object>
	<object>
		<name>car</name>
		<difficult>0.7578579783439636</difficult>
		<bndbox>
			<xmin>351</xmin>
			<ymin>965</ymin>
			<xmax>401</xmax>
			<ymax>154</ymax>
		</bndbox>
	</object>
</annotation>