<?xml version='1.0' encoding='utf8'?>
<annotation>
	<folder>zebra - 4</folder>
	<filename>VID_20181129_112616027.jpg</filename>
	<path>E:\Download\windows_v1.8.1\zebra - 4\VID_20181129_112616027.jpg</path>
	<source>
		<database>Unknown</database>
	</source>
	<size>
		<width>1080</width>
		<height>1920</height>
		<depth>3</depth>
	</size>
	<segmented>0</segmented>
	<object>
		<name>zebra</name>
		<pose>Unspecified</pose>
		<truncated>1</truncated>
		<difficult>0</difficult>
		<bndbox>
			<xmin>1</xmin>
			<ymin>443</ymin>
			<xmax>1077</xmax>
			<ymax>1908</ymax>
		</bndbox>
	</object>
	<object>
		<name>person</name>
		<difficult>0.6275144815444946</difficult>
		<bndbox>
			<xmin>1126</xmin>
			<ymin>296</ymin>
			<xmax>283</xmax>
			<ymax>575</ymax>
		</bndbox>
	</object>
</annotation>