<?xml version='1.0' encoding='utf8'?>
<annotation>
	<folder>lj</folder>
	<filename>a537d59823999bf34c7e83abe08ac092.jpg</filename>
	<path>E:\Download\windows_v1.8.1\lj\a537d59823999bf34c7e83abe08ac092.jpg</path>
	<source>
		<database>Unknown</database>
	</source>
	<size>
		<width>700</width>
		<height>555</height>
		<depth>3</depth>
	</size>
	<segmented>0</segmented>
	<object>
		<name>zebra</name>
		<pose>Unspecified</pose>
		<truncated>0</truncated>
		<difficult>0</difficult>
		<bndbox>
			<xmin>12</xmin>
			<ymin>159</ymin>
			<xmax>699</xmax>
			<ymax>519</ymax>
		</bndbox>
	</object>
	<object>
		<name>car</name>
		<difficult>0.7288857102394104</difficult>
		<bndbox>
			<xmin>32</xmin>
			<ymin>223</ymin>
			<xmax>89</xmax>
			<ymax>108</ymax>
		</bndbox>
	</object>
</annotation>