<?xml version='1.0' encoding='utf8'?>
<annotation>
	<folder>zebra - 3</folder>
	<filename>traffic_light_113.jpg</filename>
	<path>E:\迅雷下载\zebra - 3\zebra - 3\traffic_light_113.jpg</path>
	<source>
		<database>Unknown</database>
	</source>
	<size>
		<width>1920</width>
		<height>1080</height>
		<depth>3</depth>
	</size>
	<segmented>0</segmented>
	<object>
		<name>stairs</name>
		<pose>Unspecified</pose>
		<truncated>0</truncated>
		<difficult>0</difficult>
		<bndbox>
			<xmin>772</xmin>
			<ymin>518</ymin>
			<xmax>1337</xmax>
			<ymax>584</ymax>
		</bndbox>
	</object>
	<object>
		<name>stairs</name>
		<pose>Unspecified</pose>
		<truncated>1</truncated>
		<difficult>0</difficult>
		<bndbox>
			<xmin>1383</xmin>
			<ymin>462</ymin>
			<xmax>1920</xmax>
			<ymax>517</ymax>
		</bndbox>
	</object>
	<object>
		<name>stairs</name>
		<pose>Unspecified</pose>
		<truncated>1</truncated>
		<difficult>0</difficult>
		<bndbox>
			<xmin>1813</xmin>
			<ymin>543</ymin>
			<xmax>1920</xmax>
			<ymax>591</ymax>
		</bndbox>
	</object>
	<object>
		<name>stairs</name>
		<pose>Unspecified</pose>
		<truncated>0</truncated>
		<difficult>0</difficult>
		<bndbox>
			<xmin>637</xmin>
			<ymin>572</ymin>
			<xmax>1724</xmax>
			<ymax>748</ymax>
		</bndbox>
	</object>
	<object>
		<name>person</name>
		<difficult>0.7693490386009216</difficult>
		<bndbox>
			<xmin>469</xmin>
			<ymin>191</ymin>
			<xmax>188</xmax>
			<ymax>356</ymax>
		</bndbox>
	</object>
</annotation>