<?xml version='1.0' encoding='utf8'?>
<annotation>
	<folder>zebra - 2</folder>
	<filename>176_斑马线.jpg</filename>
	<path>F:\work\dian\打标\doing\zebra - 2\176_斑马线.jpg</path>
	<source>
		<database>Unknown</database>
	</source>
	<size>
		<width>930</width>
		<height>620</height>
		<depth>3</depth>
	</size>
	<segmented>0</segmented>
	<object>
		<name>zebra</name>
		<pose>Unspecified</pose>
		<truncated>1</truncated>
		<difficult>0</difficult>
		<bndbox>
			<xmin>218</xmin>
			<ymin>121</ymin>
			<xmax>930</xmax>
			<ymax>393</ymax>
		</bndbox>
	</object>
	<object>
		<name>traffic light</name>
		<pose>Unspecified</pose>
		<truncated>0</truncated>
		<difficult>0</difficult>
		<bndbox>
			<xmin>540</xmin>
			<ymin>13</ymin>
			<xmax>558</xmax>
			<ymax>68</ymax>
		</bndbox>
	</object>
	<object>
		<name>traffic light</name>
		<pose>Unspecified</pose>
		<truncated>0</truncated>
		<difficult>0</difficult>
		<bndbox>
			<xmin>780</xmin>
			<ymin>54</ymin>
			<xmax>802</xmax>
			<ymax>79</ymax>
		</bndbox>
	</object>
	<object>
		<name>traffic light</name>
		<pose>Unspecified</pose>
		<truncated>1</truncated>
		<difficult>0</difficult>
		<bndbox>
			<xmin>847</xmin>
			<ymin>1</ymin>
			<xmax>874</xmax>
			<ymax>59</ymax>
		</bndbox>
	</object>
	<object>
		<name>car</name>
		<difficult>0.7212163209915161</difficult>
		<bndbox>
			<xmin>135</xmin>
			<ymin>156</ymin>
			<xmax>205</xmax>
			<ymax>98</ymax>
		</bndbox>
	</object>
	<object>
		<name>car</name>
		<difficult>0.6317485570907593</difficult>
		<bndbox>
			<xmin>40</xmin>
			<ymin>160</ymin>
			<xmax>102</xmax>
			<ymax>116</ymax>
		</bndbox>
	</object>
	<object>
		<name>car</name>
		<difficult>0.5794938802719116</difficult>
		<bndbox>
			<xmin>267</xmin>
			<ymin>138</ymin>
			<xmax>151</xmax>
			<ymax>71</ymax>
		</bndbox>
	</object>
	<object>
		<name>car</name>
		<difficult>0.5641684532165527</difficult>
		<bndbox>
			<xmin>337</xmin>
			<ymin>131</ymin>
			<xmax>137</xmax>
			<ymax>68</ymax>
		</bndbox>
	</object>
</annotation>