<?xml version='1.0' encoding='utf8'?>
<annotation>
	<folder>zebra - 8</folder>
	<filename>VID_20181207_191620069.jpg</filename>
	<path>E:\迅雷下载\zebra - 8\zebra - 8\VID_20181207_191620069.jpg</path>
	<source>
		<database>Unknown</database>
	</source>
	<size>
		<width>1920</width>
		<height>1080</height>
		<depth>3</depth>
	</size>
	<segmented>0</segmented>
	<object>
		<name>traffic light</name>
		<pose>Unspecified</pose>
		<truncated>0</truncated>
		<difficult>0</difficult>
		<bndbox>
			<xmin>1307</xmin>
			<ymin>156</ymin>
			<xmax>1373</xmax>
			<ymax>245</ymax>
		</bndbox>
	</object>
	<object>
		<name>zebra</name>
		<pose>Unspecified</pose>
		<truncated>1</truncated>
		<difficult>0</difficult>
		<bndbox>
			<xmin>1157</xmin>
			<ymin>375</ymin>
			<xmax>1920</xmax>
			<ymax>562</ymax>
		</bndbox>
	</object>
	<object>
		<name>bus</name>
		<difficult>0.5008110404014587</difficult>
		<bndbox>
			<xmin>306</xmin>
			<ymin>666</ymin>
			<xmax>585</xmax>
			<ymax>528</ymax>
		</bndbox>
	</object>
</annotation>