<?xml version='1.0' encoding='utf8'?>
<annotation>
	<folder>zebra - 8</folder>
	<filename>VID_20181209_220804009.jpg</filename>
	<path>E:\迅雷下载\zebra - 8\zebra - 8\VID_20181209_220804009.jpg</path>
	<source>
		<database>Unknown</database>
	</source>
	<size>
		<width>1080</width>
		<height>1920</height>
		<depth>3</depth>
	</size>
	<segmented>0</segmented>
	<object>
		<name>zebra</name>
		<pose>Unspecified</pose>
		<truncated>1</truncated>
		<difficult>0</difficult>
		<bndbox>
			<xmin>20</xmin>
			<ymin>1270</ymin>
			<xmax>1076</xmax>
			<ymax>1920</ymax>
		</bndbox>
	</object>
	<object>
		<name>zebra</name>
		<pose>Unspecified</pose>
		<truncated>1</truncated>
		<difficult>0</difficult>
		<bndbox>
			<xmin>742</xmin>
			<ymin>782</ymin>
			<xmax>1080</xmax>
			<ymax>1027</ymax>
		</bndbox>
	</object>
	<object>
		<name>zebra</name>
		<pose>Unspecified</pose>
		<truncated>0</truncated>
		<difficult>0</difficult>
		<bndbox>
			<xmin>8</xmin>
			<ymin>484</ymin>
			<xmax>594</xmax>
			<ymax>794</ymax>
		</bndbox>
	</object>
	<object>
		<name>bus</name>
		<difficult>0.8348061442375183</difficult>
		<bndbox>
			<xmin>1532</xmin>
			<ymin>310</ymin>
			<xmax>759</xmax>
			<ymax>456</ymax>
		</bndbox>
	</object>
	<object>
		<name>car</name>
		<difficult>0.67940354347229</difficult>
		<bndbox>
			<xmin>259</xmin>
			<ymin>532</ymin>
			<xmax>512</xmax>
			<ymax>286</ymax>
		</bndbox>
	</object>
</annotation>