<?xml version='1.0' encoding='utf8'?>
<annotation>
	<folder>zebra - 7</folder>
	<filename>VID_20181207_190549010.jpg</filename>
	<path>E:\迅雷下载\zebra - 7\zebra - 7\VID_20181207_190549010.jpg</path>
	<source>
		<database>Unknown</database>
	</source>
	<size>
		<width>1920</width>
		<height>1080</height>
		<depth>3</depth>
	</size>
	<segmented>0</segmented>
	<object>
		<name>zebra</name>
		<pose>Unspecified</pose>
		<truncated>0</truncated>
		<difficult>0</difficult>
		<bndbox>
			<xmin>7</xmin>
			<ymin>27</ymin>
			<xmax>1378</xmax>
			<ymax>864</ymax>
		</bndbox>
	</object>
	<object>
		<name>car</name>
		<difficult>0.8108010292053223</difficult>
		<bndbox>
			<xmin>161</xmin>
			<ymin>172</ymin>
			<xmax>259</xmax>
			<ymax>101</ymax>
		</bndbox>
	</object>
	<object>
		<name>car</name>
		<difficult>0.6817694306373596</difficult>
		<bndbox>
			<xmin>340</xmin>
			<ymin>150</ymin>
			<xmax>179</xmax>
			<ymax>78</ymax>
		</bndbox>
	</object>
	<object>
		<name>car</name>
		<difficult>0.6385763883590698</difficult>
		<bndbox>
			<xmin>456</xmin>
			<ymin>137</ymin>
			<xmax>152</xmax>
			<ymax>69</ymax>
		</bndbox>
	</object>
	<object>
		<name>car</name>
		<difficult>0.5576481819152832</difficult>
		<bndbox>
			<xmin>621</xmin>
			<ymin>123</ymin>
			<xmax>142</xmax>
			<ymax>71</ymax>
		</bndbox>
	</object>
</annotation>