<?xml version='1.0' encoding='utf8'?>
<annotation>
	<folder>zebra - 4</folder>
	<filename>VID_20181129_174445024.jpg</filename>
	<path>E:\Download\windows_v1.8.1\zebra - 4\VID_20181129_174445024.jpg</path>
	<source>
		<database>Unknown</database>
	</source>
	<size>
		<width>1080</width>
		<height>1920</height>
		<depth>3</depth>
	</size>
	<segmented>0</segmented>
	<object>
		<name>zebra</name>
		<pose>Unspecified</pose>
		<truncated>0</truncated>
		<difficult>0</difficult>
		<bndbox>
			<xmin>17</xmin>
			<ymin>788</ymin>
			<xmax>849</xmax>
			<ymax>1156</ymax>
		</bndbox>
	</object>
	<object>
		<name>person</name>
		<difficult>0.581269383430481</difficult>
		<bndbox>
			<xmin>913</xmin>
			<ymin>193</ymin>
			<xmax>61</xmax>
			<ymax>118</ymax>
		</bndbox>
	</object>
</annotation>