<?xml version='1.0' encoding='utf8'?>
<annotation>
	<folder>lj</folder>
	<filename>ebfc8c3d46dce0ef2ff908a802697edf.jpg</filename>
	<path>E:\Download\windows_v1.8.1\lj\ebfc8c3d46dce0ef2ff908a802697edf.jpg</path>
	<source>
		<database>Unknown</database>
	</source>
	<size>
		<width>1200</width>
		<height>800</height>
		<depth>3</depth>
	</size>
	<segmented>0</segmented>
	<object>
		<name>zebra</name>
		<pose>Unspecified</pose>
		<truncated>1</truncated>
		<difficult>0</difficult>
		<bndbox>
			<xmin>25</xmin>
			<ymin>15</ymin>
			<xmax>1200</xmax>
			<ymax>757</ymax>
		</bndbox>
	</object>
</annotation>