<?xml version='1.0' encoding='utf8'?>
<annotation>
	<folder>zebra - 4</folder>
	<filename>VID_20181129_174445019.jpg</filename>
	<path>E:\Download\windows_v1.8.1\zebra - 4\VID_20181129_174445019.jpg</path>
	<source>
		<database>Unknown</database>
	</source>
	<size>
		<width>1080</width>
		<height>1920</height>
		<depth>3</depth>
	</size>
	<segmented>0</segmented>
	<object>
		<name>zebra</name>
		<pose>Unspecified</pose>
		<truncated>0</truncated>
		<difficult>0</difficult>
		<bndbox>
			<xmin>3</xmin>
			<ymin>468</ymin>
			<xmax>899</xmax>
			<ymax>1302</ymax>
		</bndbox>
	</object>
	<object>
		<name>person</name>
		<difficult>0.5340710282325745</difficult>
		<bndbox>
			<xmin>380</xmin>
			<ymin>100</ymin>
			<xmax>65</xmax>
			<ymax>125</ymax>
		</bndbox>
	</object>
</annotation>