<?xml version='1.0' encoding='utf8'?>
<annotation>
	<folder>zebra - 6</folder>
	<filename>VID_20181205_124358 213.jpg</filename>
	<path>E:\Download\windows_v1.8.1\zebra - 6\VID_20181205_124358 213.jpg</path>
	<source>
		<database>Unknown</database>
	</source>
	<size>
		<width>1280</width>
		<height>720</height>
		<depth>3</depth>
	</size>
	<segmented>0</segmented>
	<object>
		<name>zebra</name>
		<pose>Unspecified</pose>
		<truncated>1</truncated>
		<difficult>0</difficult>
		<bndbox>
			<xmin>103</xmin>
			<ymin>79</ymin>
			<xmax>1249</xmax>
			<ymax>720</ymax>
		</bndbox>
	</object>
	<object>
		<name>person</name>
		<difficult>0.6039695739746094</difficult>
		<bndbox>
			<xmin>381</xmin>
			<ymin>147</ymin>
			<xmax>146</xmax>
			<ymax>289</ymax>
		</bndbox>
	</object>
</annotation>