<?xml version='1.0' encoding='utf8'?>
<annotation>
	<folder>zebra - 3</folder>
	<filename>IMG_20181127_150835.jpg</filename>
	<path>E:\迅雷下载\zebra - 3\zebra - 3\IMG_20181127_150835.jpg</path>
	<source>
		<database>Unknown</database>
	</source>
	<size>
		<width>3456</width>
		<height>4608</height>
		<depth>3</depth>
	</size>
	<segmented>0</segmented>
	<object>
		<name>stairs</name>
		<pose>Unspecified</pose>
		<truncated>0</truncated>
		<difficult>0</difficult>
		<bndbox>
			<xmin>8</xmin>
			<ymin>1219</ymin>
			<xmax>503</xmax>
			<ymax>1394</ymax>
		</bndbox>
	</object>
	<object>
		<name>stairs</name>
		<pose>Unspecified</pose>
		<truncated>1</truncated>
		<difficult>0</difficult>
		<bndbox>
			<xmin>8</xmin>
			<ymin>1569</ymin>
			<xmax>3456</xmax>
			<ymax>3254</ymax>
		</bndbox>
	</object>
	<object>
		<name>car</name>
		<difficult>0.782429039478302</difficult>
		<bndbox>
			<xmin>130</xmin>
			<ymin>164</ymin>
			<xmax>265</xmax>
			<ymax>105</ymax>
		</bndbox>
	</object>
	<object>
		<name>car</name>
		<difficult>0.6886938214302063</difficult>
		<bndbox>
			<xmin>334</xmin>
			<ymin>145</ymin>
			<xmax>193</xmax>
			<ymax>81</ymax>
		</bndbox>
	</object>
	<object>
		<name>car</name>
		<difficult>0.6319159269332886</difficult>
		<bndbox>
			<xmin>557</xmin>
			<ymin>127</ymin>
			<xmax>149</xmax>
			<ymax>73</ymax>
		</bndbox>
	</object>
	<object>
		<name>car</name>
		<difficult>0.6091508865356445</difficult>
		<bndbox>
			<xmin>445</xmin>
			<ymin>136</ymin>
			<xmax>126</xmax>
			<ymax>65</ymax>
		</bndbox>
	</object>
</annotation>