<?xml version='1.0' encoding='utf8'?>
<annotation>
	<folder>zebra - 4</folder>
	<filename>traffic_light_515.jpg</filename>
	<path>E:\Download\windows_v1.8.1\zebra - 4\traffic_light_515.jpg</path>
	<source>
		<database>Unknown</database>
	</source>
	<size>
		<width>1920</width>
		<height>1080</height>
		<depth>3</depth>
	</size>
	<segmented>0</segmented>
	<object>
		<name>zebra</name>
		<pose>Unspecified</pose>
		<truncated>0</truncated>
		<difficult>0</difficult>
		<bndbox>
			<xmin>997</xmin>
			<ymin>923</ymin>
			<xmax>1717</xmax>
			<ymax>1009</ymax>
		</bndbox>
	</object>
	<object>
		<name>zebra</name>
		<pose>Unspecified</pose>
		<truncated>1</truncated>
		<difficult>0</difficult>
		<bndbox>
			<xmin>764</xmin>
			<ymin>1016</ymin>
			<xmax>1530</xmax>
			<ymax>1080</ymax>
		</bndbox>
	</object>
	<object>
		<name>zebra</name>
		<pose>Unspecified</pose>
		<truncated>0</truncated>
		<difficult>0</difficult>
		<bndbox>
			<xmin>43</xmin>
			<ymin>907</ymin>
			<xmax>683</xmax>
			<ymax>1013</ymax>
		</bndbox>
	</object>
	<object>
		<name>car</name>
		<difficult>0.7525272965431213</difficult>
		<bndbox>
			<xmin>220</xmin>
			<ymin>861</ymin>
			<xmax>428</xmax>
			<ymax>391</ymax>
		</bndbox>
	</object>
	<object>
		<name>car</name>
		<difficult>0.6758999824523926</difficult>
		<bndbox>
			<xmin>1251</xmin>
			<ymin>771</ymin>
			<xmax>141</xmax>
			<ymax>108</ymax>
		</bndbox>
	</object>
	<object>
		<name>car</name>
		<difficult>0.5897018313407898</difficult>
		<bndbox>
			<xmin>1416</xmin>
			<ymin>745</ymin>
			<xmax>186</xmax>
			<ymax>135</ymax>
		</bndbox>
	</object>
</annotation>