<?xml version='1.0' encoding='utf8'?>
<annotation>
	<folder>zebra - 3</folder>
	<filename>traffic_light_460.jpg</filename>
	<path>E:\迅雷下载\zebra - 3\zebra - 3\traffic_light_460.jpg</path>
	<source>
		<database>Unknown</database>
	</source>
	<size>
		<width>1920</width>
		<height>1080</height>
		<depth>3</depth>
	</size>
	<segmented>0</segmented>
	<object>
		<name>traffic light</name>
		<pose>Unspecified</pose>
		<truncated>0</truncated>
		<difficult>0</difficult>
		<bndbox>
			<xmin>1265</xmin>
			<ymin>64</ymin>
			<xmax>1465</xmax>
			<ymax>307</ymax>
		</bndbox>
	</object>
	<object>
		<name>zebra</name>
		<pose>Unspecified</pose>
		<truncated>0</truncated>
		<difficult>0</difficult>
		<bndbox>
			<xmin>862</xmin>
			<ymin>781</ymin>
			<xmax>1426</xmax>
			<ymax>856</ymax>
		</bndbox>
	</object>
	<object>
		<name>zebra</name>
		<pose>Unspecified</pose>
		<truncated>1</truncated>
		<difficult>0</difficult>
		<bndbox>
			<xmin>1803</xmin>
			<ymin>818</ymin>
			<xmax>1920</xmax>
			<ymax>863</ymax>
		</bndbox>
	</object>
	<object>
		<name>zebra</name>
		<pose>Unspecified</pose>
		<truncated>1</truncated>
		<difficult>0</difficult>
		<bndbox>
			<xmin>1065</xmin>
			<ymin>927</ymin>
			<xmax>1920</xmax>
			<ymax>1079</ymax>
		</bndbox>
	</object>
	<object>
		<name>zebra</name>
		<pose>Unspecified</pose>
		<truncated>0</truncated>
		<difficult>0</difficult>
		<bndbox>
			<xmin>2</xmin>
			<ymin>849</ymin>
			<xmax>892</xmax>
			<ymax>1022</ymax>
		</bndbox>
	</object>
	<object>
		<name>person</name>
		<difficult>0.6716481447219849</difficult>
		<bndbox>
			<xmin>465</xmin>
			<ymin>107</ymin>
			<xmax>65</xmax>
			<ymax>151</ymax>
		</bndbox>
	</object>
</annotation>