<?xml version='1.0' encoding='utf8'?>
<annotation>
	<folder>zebra - 7</folder>
	<filename>VID_20181205_072644003.jpg</filename>
	<path>E:\迅雷下载\zebra - 7\zebra - 7\VID_20181205_072644003.jpg</path>
	<source>
		<database>Unknown</database>
	</source>
	<size>
		<width>1920</width>
		<height>1080</height>
		<depth>3</depth>
	</size>
	<segmented>0</segmented>
	<object>
		<name>traffic light</name>
		<pose>Unspecified</pose>
		<truncated>0</truncated>
		<difficult>0</difficult>
		<bndbox>
			<xmin>862</xmin>
			<ymin>621</ymin>
			<xmax>899</xmax>
			<ymax>684</ymax>
		</bndbox>
	</object>
	<object>
		<name>zebra</name>
		<pose>Unspecified</pose>
		<truncated>0</truncated>
		<difficult>0</difficult>
		<bndbox>
			<xmin>748</xmin>
			<ymin>862</ymin>
			<xmax>913</xmax>
			<ymax>918</ymax>
		</bndbox>
	</object>
	<object>
		<name>person</name>
		<difficult>0.7596567273139954</difficult>
		<bndbox>
			<xmin>533</xmin>
			<ymin>161</ymin>
			<xmax>125</xmax>
			<ymax>390</ymax>
		</bndbox>
	</object>
</annotation>