<?xml version='1.0' encoding='utf8'?>
<annotation>
	<folder>zebra - 8</folder>
	<filename>VID_20181209_215409014.jpg</filename>
	<path>E:\迅雷下载\zebra - 8\zebra - 8\VID_20181209_215409014.jpg</path>
	<source>
		<database>Unknown</database>
	</source>
	<size>
		<width>1920</width>
		<height>1080</height>
		<depth>3</depth>
	</size>
	<segmented>0</segmented>
	<object>
		<name>zebra</name>
		<pose>Unspecified</pose>
		<truncated>1</truncated>
		<difficult>0</difficult>
		<bndbox>
			<xmin>508</xmin>
			<ymin>551</ymin>
			<xmax>1920</xmax>
			<ymax>692</ymax>
		</bndbox>
	</object>
	<object>
		<name>traffic light</name>
		<pose>Unspecified</pose>
		<truncated>0</truncated>
		<difficult>0</difficult>
		<bndbox>
			<xmin>240</xmin>
			<ymin>13</ymin>
			<xmax>446</xmax>
			<ymax>157</ymax>
		</bndbox>
	</object>
	<object>
		<name>person</name>
		<difficult>0.6422057151794434</difficult>
		<bndbox>
			<xmin>966</xmin>
			<ymin>199</ymin>
			<xmax>100</xmax>
			<ymax>166</ymax>
		</bndbox>
	</object>
	<object>
		<name>car</name>
		<difficult>0.6029222011566162</difficult>
		<bndbox>
			<xmin>345</xmin>
			<ymin>180</ymin>
			<xmax>228</xmax>
			<ymax>102</ymax>
		</bndbox>
	</object>
</annotation>