<?xml version='1.0' encoding='utf8'?>
<annotation>
	<folder>zebra - 1</folder>
	<filename>96_斑马线 (2).jpg</filename>
	<path>F:\work\dian\打标\doing\zebra - 1\96_斑马线 (2).jpg</path>
	<source>
		<database>Unknown</database>
	</source>
	<size>
		<width>1024</width>
		<height>690</height>
		<depth>3</depth>
	</size>
	<segmented>0</segmented>
	<object>
		<name>zebra</name>
		<pose>Unspecified</pose>
		<truncated>1</truncated>
		<difficult>0</difficult>
		<bndbox>
			<xmin>1</xmin>
			<ymin>204</ymin>
			<xmax>1021</xmax>
			<ymax>466</ymax>
		</bndbox>
	</object>
	<object>
		<name>car</name>
		<difficult>0.7363295555114746</difficult>
		<bndbox>
			<xmin>514</xmin>
			<ymin>695</ymin>
			<xmax>765</xmax>
			<ymax>424</ymax>
		</bndbox>
	</object>
</annotation>