<?xml version='1.0' encoding='utf8'?>
<annotation>
	<folder>zebra - 3</folder>
	<filename>traffic_light_116.jpg</filename>
	<path>E:\迅雷下载\zebra - 3\zebra - 3\traffic_light_116.jpg</path>
	<source>
		<database>Unknown</database>
	</source>
	<size>
		<width>1920</width>
		<height>1080</height>
		<depth>3</depth>
	</size>
	<segmented>0</segmented>
	<object>
		<name>stairs</name>
		<pose>Unspecified</pose>
		<truncated>0</truncated>
		<difficult>0</difficult>
		<bndbox>
			<xmin>673</xmin>
			<ymin>522</ymin>
			<xmax>1218</xmax>
			<ymax>573</ymax>
		</bndbox>
	</object>
	<object>
		<name>stairs</name>
		<pose>Unspecified</pose>
		<truncated>0</truncated>
		<difficult>0</difficult>
		<bndbox>
			<xmin>1297</xmin>
			<ymin>465</ymin>
			<xmax>1751</xmax>
			<ymax>521</ymax>
		</bndbox>
	</object>
	<object>
		<name>stairs</name>
		<pose>Unspecified</pose>
		<truncated>1</truncated>
		<difficult>0</difficult>
		<bndbox>
			<xmin>1684</xmin>
			<ymin>518</ymin>
			<xmax>1920</xmax>
			<ymax>602</ymax>
		</bndbox>
	</object>
	<object>
		<name>stairs</name>
		<pose>Unspecified</pose>
		<truncated>0</truncated>
		<difficult>0</difficult>
		<bndbox>
			<xmin>540</xmin>
			<ymin>576</ymin>
			<xmax>1603</xmax>
			<ymax>741</ymax>
		</bndbox>
	</object>
	<object>
		<name>bicycle</name>
		<difficult>0.6783620715141296</difficult>
		<bndbox>
			<xmin>1796</xmin>
			<ymin>261</ymin>
			<xmax>213</xmax>
			<ymax>218</ymax>
		</bndbox>
	</object>
</annotation>