<?xml version='1.0' encoding='utf8'?>
<annotation>
	<folder>zebra - 6</folder>
	<filename>VID_20181205_124358 201.jpg</filename>
	<path>E:\Download\windows_v1.8.1\zebra - 6\VID_20181205_124358 201.jpg</path>
	<source>
		<database>Unknown</database>
	</source>
	<size>
		<width>1280</width>
		<height>720</height>
		<depth>3</depth>
	</size>
	<segmented>0</segmented>
	<object>
		<name>zebra</name>
		<pose>Unspecified</pose>
		<truncated>1</truncated>
		<difficult>0</difficult>
		<bndbox>
			<xmin>217</xmin>
			<ymin>34</ymin>
			<xmax>1268</xmax>
			<ymax>720</ymax>
		</bndbox>
	</object>
	<object>
		<name>bicycle</name>
		<difficult>0.8448153734207153</difficult>
		<bndbox>
			<xmin>187</xmin>
			<ymin>432</ymin>
			<xmax>376</xmax>
			<ymax>395</ymax>
		</bndbox>
	</object>
	<object>
		<name>car</name>
		<difficult>0.6726629734039307</difficult>
		<bndbox>
			<xmin>434</xmin>
			<ymin>78</ymin>
			<xmax>178</xmax>
			<ymax>86</ymax>
		</bndbox>
	</object>
	<object>
		<name>car</name>
		<difficult>0.6521152257919312</difficult>
		<bndbox>
			<xmin>324</xmin>
			<ymin>96</ymin>
			<xmax>193</xmax>
			<ymax>95</ymax>
		</bndbox>
	</object>
	<object>
		<name>car</name>
		<difficult>0.592643141746521</difficult>
		<bndbox>
			<xmin>847</xmin>
			<ymin>56</ymin>
			<xmax>179</xmax>
			<ymax>76</ymax>
		</bndbox>
	</object>
	<object>
		<name>car</name>
		<difficult>0.5554810762405396</difficult>
		<bndbox>
			<xmin>35</xmin>
			<ymin>99</ymin>
			<xmax>62</xmax>
			<ymax>101</ymax>
		</bndbox>
	</object>
	<object>
		<name>car</name>
		<difficult>0.5031439065933228</difficult>
		<bndbox>
			<xmin>658</xmin>
			<ymin>63</ymin>
			<xmax>148</xmax>
			<ymax>81</ymax>
		</bndbox>
	</object>
</annotation>