<?xml version='1.0' encoding='utf8'?>
<annotation>
	<folder>zebra - 5</folder>
	<filename>VID_20181205_124358 001.jpg</filename>
	<path>E:\Download\windows_v1.8.1\zebra - 5\VID_20181205_124358 001.jpg</path>
	<source>
		<database>Unknown</database>
	</source>
	<size>
		<width>1280</width>
		<height>720</height>
		<depth>3</depth>
	</size>
	<segmented>0</segmented>
	<object>
		<name>zebra</name>
		<pose>Unspecified</pose>
		<truncated>0</truncated>
		<difficult>0</difficult>
		<bndbox>
			<xmin>200</xmin>
			<ymin>256</ymin>
			<xmax>1262</xmax>
			<ymax>496</ymax>
		</bndbox>
	</object>
	<object>
		<name>car</name>
		<difficult>0.5875080227851868</difficult>
		<bndbox>
			<xmin>757</xmin>
			<ymin>708</ymin>
			<xmax>600</xmax>
			<ymax>349</ymax>
		</bndbox>
	</object>
</annotation>