<?xml version='1.0' encoding='utf8'?>
<annotation>
	<folder>star</folder>
	<filename>hearing-zebra-40.jpg</filename>
	<path>E:\Download\windows_v1.8.1\star\hearing-zebra-40.jpg</path>
	<source>
		<database>Unknown</database>
	</source>
	<size>
		<width>500</width>
		<height>332</height>
		<depth>3</depth>
	</size>
	<segmented>0</segmented>
	<object>
		<name>zebra</name>
		<pose>Unspecified</pose>
		<truncated>1</truncated>
		<difficult>0</difficult>
		<bndbox>
			<xmin>5</xmin>
			<ymin>141</ymin>
			<xmax>500</xmax>
			<ymax>312</ymax>
		</bndbox>
	</object>
	<object>
		<name>car</name>
		<difficult>0.7858317494392395</difficult>
		<bndbox>
			<xmin>275</xmin>
			<ymin>136</ymin>
			<xmax>226</xmax>
			<ymax>91</ymax>
		</bndbox>
	</object>
	<object>
		<name>car</name>
		<difficult>0.6618281006813049</difficult>
		<bndbox>
			<xmin>458</xmin>
			<ymin>124</ymin>
			<xmax>175</xmax>
			<ymax>71</ymax>
		</bndbox>
	</object>
	<object>
		<name>car</name>
		<difficult>0.5292375087738037</difficult>
		<bndbox>
			<xmin>554</xmin>
			<ymin>119</ymin>
			<xmax>146</xmax>
			<ymax>55</ymax>
		</bndbox>
	</object>
</annotation>