<?xml version='1.0' encoding='utf8'?>
<annotation>
	<folder>zebra - 6</folder>
	<filename>VID_20181205_124358 207.jpg</filename>
	<path>E:\Download\windows_v1.8.1\zebra - 6\VID_20181205_124358 207.jpg</path>
	<source>
		<database>Unknown</database>
	</source>
	<size>
		<width>1280</width>
		<height>720</height>
		<depth>3</depth>
	</size>
	<segmented>0</segmented>
	<object>
		<name>zebra</name>
		<pose>Unspecified</pose>
		<truncated>1</truncated>
		<difficult>0</difficult>
		<bndbox>
			<xmin>114</xmin>
			<ymin>65</ymin>
			<xmax>1240</xmax>
			<ymax>720</ymax>
		</bndbox>
	</object>
	<object>
		<name>car</name>
		<difficult>0.7453669905662537</difficult>
		<bndbox>
			<xmin>638</xmin>
			<ymin>90</ymin>
			<xmax>176</xmax>
			<ymax>101</ymax>
		</bndbox>
	</object>
	<object>
		<name>car</name>
		<difficult>0.7252496480941772</difficult>
		<bndbox>
			<xmin>352</xmin>
			<ymin>73</ymin>
			<xmax>126</xmax>
			<ymax>102</ymax>
		</bndbox>
	</object>
	<object>
		<name>car</name>
		<difficult>0.681882381439209</difficult>
		<bndbox>
			<xmin>761</xmin>
			<ymin>78</ymin>
			<xmax>195</xmax>
			<ymax>94</ymax>
		</bndbox>
	</object>
	<object>
		<name>car</name>
		<difficult>0.6118285059928894</difficult>
		<bndbox>
			<xmin>1226</xmin>
			<ymin>87</ymin>
			<xmax>103</xmax>
			<ymax>87</ymax>
		</bndbox>
	</object>
	<object>
		<name>car</name>
		<difficult>0.5728557705879211</difficult>
		<bndbox>
			<xmin>1047</xmin>
			<ymin>81</ymin>
			<xmax>188</xmax>
			<ymax>96</ymax>
		</bndbox>
	</object>
	<object>
		<name>car</name>
		<difficult>0.5601137280464172</difficult>
		<bndbox>
			<xmin>936</xmin>
			<ymin>81</ymin>
			<xmax>185</xmax>
			<ymax>90</ymax>
		</bndbox>
	</object>
</annotation>