<?xml version='1.0' encoding='utf8'?>
<annotation>
	<folder>zebra - 1</folder>
	<filename>84_斑马线.jpg</filename>
	<path>F:\work\dian\打标\doing\zebra - 1\84_斑马线.jpg</path>
	<source>
		<database>Unknown</database>
	</source>
	<size>
		<width>600</width>
		<height>450</height>
		<depth>1</depth>
	</size>
	<segmented>0</segmented>
	<object>
		<name>zebra</name>
		<pose>Unspecified</pose>
		<truncated>0</truncated>
		<difficult>0</difficult>
		<bndbox>
			<xmin>5</xmin>
			<ymin>211</ymin>
			<xmax>598</xmax>
			<ymax>422</ymax>
		</bndbox>
	</object>
</annotation>