<?xml version='1.0' encoding='utf8'?>
<annotation>
	<folder>zebra - 7</folder>
	<filename>VID_20181207_191620051.jpg</filename>
	<path>E:\迅雷下载\zebra - 7\zebra - 7\VID_20181207_191620051.jpg</path>
	<source>
		<database>Unknown</database>
	</source>
	<size>
		<width>1920</width>
		<height>1080</height>
		<depth>3</depth>
	</size>
	<segmented>0</segmented>
	<object>
		<name>traffic light</name>
		<pose>Unspecified</pose>
		<truncated>0</truncated>
		<difficult>0</difficult>
		<bndbox>
			<xmin>849</xmin>
			<ymin>346</ymin>
			<xmax>908</xmax>
			<ymax>418</ymax>
		</bndbox>
	</object>
	<object>
		<name>traffic light</name>
		<pose>Unspecified</pose>
		<truncated>1</truncated>
		<difficult>0</difficult>
		<bndbox>
			<xmin>1843</xmin>
			<ymin>332</ymin>
			<xmax>1920</xmax>
			<ymax>414</ymax>
		</bndbox>
	</object>
	<object>
		<name>zebra</name>
		<pose>Unspecified</pose>
		<truncated>0</truncated>
		<difficult>0</difficult>
		<bndbox>
			<xmin>5</xmin>
			<ymin>627</ymin>
			<xmax>1457</xmax>
			<ymax>868</ymax>
		</bndbox>
	</object>
</annotation>