<?xml version='1.0' encoding='utf8'?>
<annotation>
	<folder>zebra - 6</folder>
	<filename>VID_20181205_124659 192.jpg</filename>
	<path>E:\Download\windows_v1.8.1\zebra - 6\VID_20181205_124659 192.jpg</path>
	<source>
		<database>Unknown</database>
	</source>
	<size>
		<width>1280</width>
		<height>720</height>
		<depth>3</depth>
	</size>
	<segmented>0</segmented>
	<object>
		<name>zebra</name>
		<pose>Unspecified</pose>
		<truncated>0</truncated>
		<difficult>0</difficult>
		<bndbox>
			<xmin>25</xmin>
			<ymin>118</ymin>
			<xmax>914</xmax>
			<ymax>358</ymax>
		</bndbox>
	</object>
	<object>
		<name>bicycle</name>
		<difficult>0.8394761681556702</difficult>
		<bndbox>
			<xmin>1051</xmin>
			<ymin>417</ymin>
			<xmax>471</xmax>
			<ymax>326</ymax>
		</bndbox>
	</object>
	<object>
		<name>car</name>
		<difficult>0.7854697108268738</difficult>
		<bndbox>
			<xmin>662</xmin>
			<ymin>87</ymin>
			<xmax>182</xmax>
			<ymax>96</ymax>
		</bndbox>
	</object>
	<object>
		<name>person</name>
		<difficult>0.7766941785812378</difficult>
		<bndbox>
			<xmin>1116</xmin>
			<ymin>240</ymin>
			<xmax>302</xmax>
			<ymax>458</ymax>
		</bndbox>
	</object>
	<object>
		<name>car</name>
		<difficult>0.7534423470497131</difficult>
		<bndbox>
			<xmin>807</xmin>
			<ymin>84</ymin>
			<xmax>185</xmax>
			<ymax>93</ymax>
		</bndbox>
	</object>
	<object>
		<name>car</name>
		<difficult>0.6516687870025635</difficult>
		<bndbox>
			<xmin>380</xmin>
			<ymin>68</ymin>
			<xmax>135</xmax>
			<ymax>102</ymax>
		</bndbox>
	</object>
	<object>
		<name>car</name>
		<difficult>0.5474703311920166</difficult>
		<bndbox>
			<xmin>941</xmin>
			<ymin>82</ymin>
			<xmax>164</xmax>
			<ymax>92</ymax>
		</bndbox>
	</object>
	<object>
		<name>car</name>
		<difficult>0.5305975079536438</difficult>
		<bndbox>
			<xmin>1020</xmin>
			<ymin>77</ymin>
			<xmax>174</xmax>
			<ymax>105</ymax>
		</bndbox>
	</object>
	<object>
		<name>car</name>
		<difficult>0.5093503594398499</difficult>
		<bndbox>
			<xmin>1239</xmin>
			<ymin>77</ymin>
			<xmax>87</xmax>
			<ymax>97</ymax>
		</bndbox>
	</object>
</annotation>