<?xml version='1.0' encoding='utf8'?>
<annotation>
	<folder>zebra - 3</folder>
	<filename>IMG20181128095652.jpg</filename>
	<path>E:\迅雷下载\zebra - 3\zebra - 3\IMG20181128095652.jpg</path>
	<source>
		<database>Unknown</database>
	</source>
	<size>
		<width>3456</width>
		<height>4608</height>
		<depth>3</depth>
	</size>
	<segmented>0</segmented>
	<object>
		<name>stairs</name>
		<pose>Unspecified</pose>
		<truncated>0</truncated>
		<difficult>0</difficult>
		<bndbox>
			<xmin>578</xmin>
			<ymin>2004</ymin>
			<xmax>3388</xmax>
			<ymax>2139</ymax>
		</bndbox>
	</object>
	<object>
		<name>stairs</name>
		<pose>Unspecified</pose>
		<truncated>0</truncated>
		<difficult>0</difficult>
		<bndbox>
			<xmin>3</xmin>
			<ymin>2044</ymin>
			<xmax>2468</xmax>
			<ymax>3039</ymax>
		</bndbox>
	</object>
	<object>
		<name>stairs</name>
		<pose>Unspecified</pose>
		<truncated>1</truncated>
		<difficult>0</difficult>
		<bndbox>
			<xmin>1988</xmin>
			<ymin>2894</ymin>
			<xmax>3456</xmax>
			<ymax>3728</ymax>
		</bndbox>
	</object>
	<object>
		<name>person</name>
		<difficult>0.7397164702415466</difficult>
		<bndbox>
			<xmin>116</xmin>
			<ymin>199</ymin>
			<xmax>228</xmax>
			<ymax>324</ymax>
		</bndbox>
	</object>
	<object>
		<name>car</name>
		<difficult>0.5734061598777771</difficult>
		<bndbox>
			<xmin>467</xmin>
			<ymin>76</ymin>
			<xmax>73</xmax>
			<ymax>68</ymax>
		</bndbox>
	</object>
	<object>
		<name>motorbike</name>
		<difficult>0.5228008031845093</difficult>
		<bndbox>
			<xmin>837</xmin>
			<ymin>148</ymin>
			<xmax>126</xmax>
			<ymax>125</ymax>
		</bndbox>
	</object>
</annotation>