<?xml version='1.0' encoding='utf8'?>
<annotation>
	<folder>zebra - 6</folder>
	<filename>VID_20181205_124659 151.jpg</filename>
	<path>E:\Download\windows_v1.8.1\zebra - 6\VID_20181205_124659 151.jpg</path>
	<source>
		<database>Unknown</database>
	</source>
	<size>
		<width>1280</width>
		<height>720</height>
		<depth>3</depth>
	</size>
	<segmented>0</segmented>
	<object>
		<name>zebra</name>
		<pose>Unspecified</pose>
		<truncated>1</truncated>
		<difficult>0</difficult>
		<bndbox>
			<xmin>32</xmin>
			<ymin>170</ymin>
			<xmax>1280</xmax>
			<ymax>719</ymax>
		</bndbox>
	</object>
	<object>
		<name>car</name>
		<difficult>0.6048786044120789</difficult>
		<bndbox>
			<xmin>844</xmin>
			<ymin>560</ymin>
			<xmax>524</xmax>
			<ymax>256</ymax>
		</bndbox>
	</object>
</annotation>