<?xml version='1.0' encoding='utf8'?>
<annotation>
	<folder>zebra - 4</folder>
	<filename>traffic_light_503.jpg</filename>
	<path>E:\Download\windows_v1.8.1\zebra - 4\traffic_light_503.jpg</path>
	<source>
		<database>Unknown</database>
	</source>
	<size>
		<width>1920</width>
		<height>1080</height>
		<depth>3</depth>
	</size>
	<segmented>0</segmented>
	<object>
		<name>zebra</name>
		<pose>Unspecified</pose>
		<truncated>0</truncated>
		<difficult>0</difficult>
		<bndbox>
			<xmin>858</xmin>
			<ymin>722</ymin>
			<xmax>1532</xmax>
			<ymax>812</ymax>
		</bndbox>
	</object>
	<object>
		<name>zebra</name>
		<pose>Unspecified</pose>
		<truncated>1</truncated>
		<difficult>0</difficult>
		<bndbox>
			<xmin>138</xmin>
			<ymin>826</ymin>
			<xmax>1800</xmax>
			<ymax>1080</ymax>
		</bndbox>
	</object>
	<object>
		<name>zebra</name>
		<pose>Unspecified</pose>
		<truncated>0</truncated>
		<difficult>0</difficult>
		<bndbox>
			<xmin>16</xmin>
			<ymin>722</ymin>
			<xmax>539</xmax>
			<ymax>815</ymax>
		</bndbox>
	</object>
	<object>
		<name>car</name>
		<difficult>0.6767345070838928</difficult>
		<bndbox>
			<xmin>1155</xmin>
			<ymin>698</ymin>
			<xmax>131</xmax>
			<ymax>106</ymax>
		</bndbox>
	</object>
</annotation>