<?xml version='1.0' encoding='utf8'?>
<annotation>
	<folder>zebra</folder>
	<filename>IMG_20181217_000515.jpg</filename>
	<path>E:\迅雷下载\zebra\IMG_20181217_000515.jpg</path>
	<source>
		<database>Unknown</database>
	</source>
	<size>
		<width>2976</width>
		<height>3968</height>
		<depth>3</depth>
	</size>
	<segmented>0</segmented>
	<object>
		<name>zebra</name>
		<pose>Unspecified</pose>
		<truncated>1</truncated>
		<difficult>0</difficult>
		<bndbox>
			<xmin>612</xmin>
			<ymin>1691</ymin>
			<xmax>2976</xmax>
			<ymax>2498</ymax>
		</bndbox>
	</object>
</annotation>