<?xml version='1.0' encoding='utf8'?>
<annotation>
	<folder>zebra - 4</folder>
	<filename>traffic_light_474.jpg</filename>
	<path>E:\Download\windows_v1.8.1\zebra - 4\traffic_light_474.jpg</path>
	<source>
		<database>Unknown</database>
	</source>
	<size>
		<width>1920</width>
		<height>1080</height>
		<depth>3</depth>
	</size>
	<segmented>0</segmented>
	<object>
		<name>zebra</name>
		<pose>Unspecified</pose>
		<truncated>0</truncated>
		<difficult>0</difficult>
		<bndbox>
			<xmin>5</xmin>
			<ymin>823</ymin>
			<xmax>767</xmax>
			<ymax>1054</ymax>
		</bndbox>
	</object>
	<object>
		<name>zebra</name>
		<pose>Unspecified</pose>
		<truncated>1</truncated>
		<difficult>0</difficult>
		<bndbox>
			<xmin>873</xmin>
			<ymin>786</ymin>
			<xmax>1905</xmax>
			<ymax>1080</ymax>
		</bndbox>
	</object>
	<object>
		<name>zebra</name>
		<pose>Unspecified</pose>
		<truncated>0</truncated>
		<difficult>0</difficult>
		<bndbox>
			<xmin>650</xmin>
			<ymin>731</ymin>
			<xmax>1278</xmax>
			<ymax>857</ymax>
		</bndbox>
	</object>
	<object>
		<name>car</name>
		<difficult>0.8612914681434631</difficult>
		<bndbox>
			<xmin>166</xmin>
			<ymin>241</ymin>
			<xmax>337</xmax>
			<ymax>190</ymax>
		</bndbox>
	</object>
</annotation>