<?xml version='1.0' encoding='utf8'?>
<annotation>
	<folder>zebra - 1</folder>
	<filename>-3f88c710994b7f31.jpg</filename>
	<path>F:\work\dian\打标\doing\zebra - 1\-3f88c710994b7f31.jpg</path>
	<source>
		<database>Unknown</database>
	</source>
	<size>
		<width>3456</width>
		<height>4608</height>
		<depth>3</depth>
	</size>
	<segmented>0</segmented>
	<object>
		<name>zebra</name>
		<pose>Unspecified</pose>
		<truncated>0</truncated>
		<difficult>0</difficult>
		<bndbox>
			<xmin>30</xmin>
			<ymin>2270</ymin>
			<xmax>3455</xmax>
			<ymax>4502</ymax>
		</bndbox>
	</object>
	<object>
		<name>motorbike</name>
		<difficult>0.6677972078323364</difficult>
		<bndbox>
			<xmin>778</xmin>
			<ymin>355</ymin>
			<xmax>319</xmax>
			<ymax>227</ymax>
		</bndbox>
	</object>
</annotation>