<?xml version='1.0' encoding='utf8'?>
<annotation>
	<folder>zebra - 4</folder>
	<filename>traffic_light_499.jpg</filename>
	<path>E:\Download\windows_v1.8.1\zebra - 4\traffic_light_499.jpg</path>
	<source>
		<database>Unknown</database>
	</source>
	<size>
		<width>1920</width>
		<height>1080</height>
		<depth>3</depth>
	</size>
	<segmented>0</segmented>
	<object>
		<name>zebra</name>
		<pose>Unspecified</pose>
		<truncated>0</truncated>
		<difficult>0</difficult>
		<bndbox>
			<xmin>853</xmin>
			<ymin>667</ymin>
			<xmax>1523</xmax>
			<ymax>754</ymax>
		</bndbox>
	</object>
	<object>
		<name>zebra</name>
		<pose>Unspecified</pose>
		<truncated>0</truncated>
		<difficult>0</difficult>
		<bndbox>
			<xmin>115</xmin>
			<ymin>753</ymin>
			<xmax>1861</xmax>
			<ymax>1052</ymax>
		</bndbox>
	</object>
	<object>
		<name>zebra</name>
		<pose>Unspecified</pose>
		<truncated>0</truncated>
		<difficult>0</difficult>
		<bndbox>
			<xmin>12</xmin>
			<ymin>659</ymin>
			<xmax>539</xmax>
			<ymax>748</ymax>
		</bndbox>
	</object>
	<object>
		<name>person</name>
		<difficult>0.6171103119850159</difficult>
		<bndbox>
			<xmin>318</xmin>
			<ymin>95</ymin>
			<xmax>69</xmax>
			<ymax>137</ymax>
		</bndbox>
	</object>
</annotation>