<?xml version='1.0' encoding='utf8'?>
<annotation>
	<folder>zebra - 8</folder>
	<filename>VID_20181207_191620097.jpg</filename>
	<path>E:\迅雷下载\zebra - 8\zebra - 8\VID_20181207_191620097.jpg</path>
	<source>
		<database>Unknown</database>
	</source>
	<size>
		<width>1920</width>
		<height>1080</height>
		<depth>3</depth>
	</size>
	<segmented>0</segmented>
	<object>
		<name>zebra</name>
		<pose>Unspecified</pose>
		<truncated>0</truncated>
		<difficult>0</difficult>
		<bndbox>
			<xmin>1176</xmin>
			<ymin>613</ymin>
			<xmax>1859</xmax>
			<ymax>694</ymax>
		</bndbox>
	</object>
	<object>
		<name>car</name>
		<difficult>0.8865125775337219</difficult>
		<bndbox>
			<xmin>267</xmin>
			<ymin>241</ymin>
			<xmax>403</xmax>
			<ymax>180</ymax>
		</bndbox>
	</object>
	<object>
		<name>person</name>
		<difficult>0.6243679523468018</difficult>
		<bndbox>
			<xmin>664</xmin>
			<ymin>233</ymin>
			<xmax>54</xmax>
			<ymax>109</ymax>
		</bndbox>
	</object>
	<object>
		<name>person</name>
		<difficult>0.5282780528068542</difficult>
		<bndbox>
			<xmin>939</xmin>
			<ymin>223</ymin>
			<xmax>86</xmax>
			<ymax>120</ymax>
		</bndbox>
	</object>
</annotation>