<?xml version='1.0' encoding='utf8'?>
<annotation>
	<folder>zebra - 1</folder>
	<filename>83_斑马线 (2).jpg</filename>
	<path>F:\work\dian\打标\doing\zebra - 1\83_斑马线 (2).jpg</path>
	<source>
		<database>Unknown</database>
	</source>
	<size>
		<width>640</width>
		<height>414</height>
		<depth>3</depth>
	</size>
	<segmented>0</segmented>
	<object>
		<name>zebra</name>
		<pose>Unspecified</pose>
		<truncated>0</truncated>
		<difficult>0</difficult>
		<bndbox>
			<xmin>50</xmin>
			<ymin>77</ymin>
			<xmax>638</xmax>
			<ymax>410</ymax>
		</bndbox>
	</object>
</annotation>