<?xml version='1.0' encoding='utf8'?>
<annotation>
	<folder>zebra - 8</folder>
	<filename>VID_20181209_214727092.jpg</filename>
	<path>E:\迅雷下载\zebra - 8\zebra - 8\VID_20181209_214727092.jpg</path>
	<source>
		<database>Unknown</database>
	</source>
	<size>
		<width>1920</width>
		<height>1080</height>
		<depth>3</depth>
	</size>
	<segmented>0</segmented>
	<object>
		<name>zebra</name>
		<pose>Unspecified</pose>
		<truncated>1</truncated>
		<difficult>0</difficult>
		<bndbox>
			<xmin>37</xmin>
			<ymin>292</ymin>
			<xmax>1920</xmax>
			<ymax>978</ymax>
		</bndbox>
	</object>
	<object>
		<name>person</name>
		<difficult>0.7909070253372192</difficult>
		<bndbox>
			<xmin>1643</xmin>
			<ymin>419</ymin>
			<xmax>267</xmax>
			<ymax>713</ymax>
		</bndbox>
	</object>
	<object>
		<name>person</name>
		<difficult>0.7265111207962036</difficult>
		<bndbox>
			<xmin>822</xmin>
			<ymin>438</ymin>
			<xmax>326</xmax>
			<ymax>709</ymax>
		</bndbox>
	</object>
	<object>
		<name>car</name>
		<difficult>0.6673749685287476</difficult>
		<bndbox>
			<xmin>135</xmin>
			<ymin>267</ymin>
			<xmax>305</xmax>
			<ymax>246</ymax>
		</bndbox>
	</object>
</annotation>