<?xml version='1.0' encoding='utf8'?>
<annotation>
	<folder>zebra - 8</folder>
	<filename>VID_20181207_191620057.jpg</filename>
	<path>E:\迅雷下载\zebra - 8\zebra - 8\VID_20181207_191620057.jpg</path>
	<source>
		<database>Unknown</database>
	</source>
	<size>
		<width>1920</width>
		<height>1080</height>
		<depth>3</depth>
	</size>
	<segmented>0</segmented>
	<object>
		<name>traffic light</name>
		<pose>Unspecified</pose>
		<truncated>0</truncated>
		<difficult>0</difficult>
		<bndbox>
			<xmin>791</xmin>
			<ymin>154</ymin>
			<xmax>846</xmax>
			<ymax>245</ymax>
		</bndbox>
	</object>
	<object>
		<name>traffic light</name>
		<pose>Unspecified</pose>
		<truncated>1</truncated>
		<difficult>0</difficult>
		<bndbox>
			<xmin>1897</xmin>
			<ymin>56</ymin>
			<xmax>1920</xmax>
			<ymax>164</ymax>
		</bndbox>
	</object>
	<object>
		<name>zebra</name>
		<pose>Unspecified</pose>
		<truncated>1</truncated>
		<difficult>0</difficult>
		<bndbox>
			<xmin>8</xmin>
			<ymin>389</ymin>
			<xmax>1770</xmax>
			<ymax>1080</ymax>
		</bndbox>
	</object>
	<object>
		<name>car</name>
		<difficult>0.5982796549797058</difficult>
		<bndbox>
			<xmin>392</xmin>
			<ymin>785</ymin>
			<xmax>363</xmax>
			<ymax>124</ymax>
		</bndbox>
	</object>
	<object>
		<name>car</name>
		<difficult>0.5719929933547974</difficult>
		<bndbox>
			<xmin>1708</xmin>
			<ymin>690</ymin>
			<xmax>330</xmax>
			<ymax>149</ymax>
		</bndbox>
	</object>
	<object>
		<name>car</name>
		<difficult>0.5414091944694519</difficult>
		<bndbox>
			<xmin>801</xmin>
			<ymin>787</ymin>
			<xmax>206</xmax>
			<ymax>129</ymax>
		</bndbox>
	</object>
</annotation>