<?xml version='1.0' encoding='utf8'?>
<annotation>
	<folder>zebra - 3</folder>
	<filename>IMG_20181127_151123.jpg</filename>
	<path>E:\迅雷下载\zebra - 3\zebra - 3\IMG_20181127_151123.jpg</path>
	<source>
		<database>Unknown</database>
	</source>
	<size>
		<width>3456</width>
		<height>4608</height>
		<depth>3</depth>
	</size>
	<segmented>0</segmented>
	<object>
		<name>stairs</name>
		<pose>Unspecified</pose>
		<truncated>0</truncated>
		<difficult>0</difficult>
		<bndbox>
			<xmin>303</xmin>
			<ymin>1039</ymin>
			<xmax>1978</xmax>
			<ymax>1369</ymax>
		</bndbox>
	</object>
	<object>
		<name>stairs</name>
		<pose>Unspecified</pose>
		<truncated>0</truncated>
		<difficult>0</difficult>
		<bndbox>
			<xmin>3</xmin>
			<ymin>2079</ymin>
			<xmax>653</xmax>
			<ymax>2754</ymax>
		</bndbox>
	</object>
	<object>
		<name>stairs</name>
		<pose>Unspecified</pose>
		<truncated>0</truncated>
		<difficult>0</difficult>
		<bndbox>
			<xmin>1093</xmin>
			<ymin>1334</ymin>
			<xmax>3423</xmax>
			<ymax>2514</ymax>
		</bndbox>
	</object>
	<object>
		<name>car</name>
		<difficult>0.6161406636238098</difficult>
		<bndbox>
			<xmin>345</xmin>
			<ymin>993</ymin>
			<xmax>239</xmax>
			<ymax>130</ymax>
		</bndbox>
	</object>
</annotation>