<?xml version='1.0' encoding='utf8'?>
<annotation>
	<folder>zebra - 1</folder>
	<filename>71_斑马线.jpg</filename>
	<path>F:\work\dian\打标\doing\zebra - 1\71_斑马线.jpg</path>
	<source>
		<database>Unknown</database>
	</source>
	<size>
		<width>400</width>
		<height>266</height>
		<depth>3</depth>
	</size>
	<segmented>0</segmented>
	<object>
		<name>zebra</name>
		<pose>Unspecified</pose>
		<truncated>1</truncated>
		<difficult>0</difficult>
		<bndbox>
			<xmin>1</xmin>
			<ymin>99</ymin>
			<xmax>398</xmax>
			<ymax>262</ymax>
		</bndbox>
	</object>
	<object>
		<name>zebra</name>
		<pose>Unspecified</pose>
		<truncated>0</truncated>
		<difficult>0</difficult>
		<bndbox>
			<xmin>2</xmin>
			<ymin>84</ymin>
			<xmax>97</xmax>
			<ymax>95</ymax>
		</bndbox>
	</object>
	<object>
		<name>traffic light</name>
		<pose>Unspecified</pose>
		<truncated>0</truncated>
		<difficult>0</difficult>
		<bndbox>
			<xmin>42</xmin>
			<ymin>19</ymin>
			<xmax>61</xmax>
			<ymax>40</ymax>
		</bndbox>
	</object>
	<object>
		<name>traffic light</name>
		<pose>Unspecified</pose>
		<truncated>0</truncated>
		<difficult>0</difficult>
		<bndbox>
			<xmin>299</xmin>
			<ymin>51</ymin>
			<xmax>313</xmax>
			<ymax>69</ymax>
		</bndbox>
	</object>
	<object>
		<name>traffic light</name>
		<pose>Unspecified</pose>
		<truncated>1</truncated>
		<difficult>0</difficult>
		<bndbox>
			<xmin>14</xmin>
			<ymin>1</ymin>
			<xmax>29</xmax>
			<ymax>9</ymax>
		</bndbox>
	</object>
	<object>
		<name>person</name>
		<difficult>0.7924554944038391</difficult>
		<bndbox>
			<xmin>232</xmin>
			<ymin>89</ymin>
			<xmax>178</xmax>
			<ymax>209</ymax>
		</bndbox>
	</object>
</annotation>