<?xml version='1.0' encoding='utf8'?>
<annotation>
	<folder>zebra - 2</folder>
	<filename>192_斑马线(1).jpeg</filename>
	<path>F:\work\dian\打标\doing\zebra - 2\192_斑马线(1).jpeg</path>
	<source>
		<database>Unknown</database>
	</source>
	<size>
		<width>1080</width>
		<height>1181</height>
		<depth>3</depth>
	</size>
	<segmented>0</segmented>
	<object>
		<name>zebra</name>
		<pose>Unspecified</pose>
		<truncated>1</truncated>
		<difficult>0</difficult>
		<bndbox>
			<xmin>7</xmin>
			<ymin>444</ymin>
			<xmax>1078</xmax>
			<ymax>1181</ymax>
		</bndbox>
	</object>
	<object>
		<name>bus</name>
		<difficult>0.740562379360199</difficult>
		<bndbox>
			<xmin>992</xmin>
			<ymin>628</ymin>
			<xmax>401</xmax>
			<ymax>279</ymax>
		</bndbox>
	</object>
	<object>
		<name>car</name>
		<difficult>0.6469705700874329</difficult>
		<bndbox>
			<xmin>319</xmin>
			<ymin>698</ymin>
			<xmax>631</xmax>
			<ymax>517</ymax>
		</bndbox>
	</object>
</annotation>