<?xml version='1.0' encoding='utf8'?>
<annotation>
	<folder>zebra - 3</folder>
	<filename>VID_20181217_144030002.jpg</filename>
	<path>E:\迅雷下载\zebra - 3\zebra - 3\VID_20181217_144030002.jpg</path>
	<source>
		<database>Unknown</database>
	</source>
	<size>
		<width>1920</width>
		<height>1080</height>
		<depth>3</depth>
	</size>
	<segmented>0</segmented>
	<object>
		<name>zebra</name>
		<pose>Unspecified</pose>
		<truncated>1</truncated>
		<difficult>0</difficult>
		<bndbox>
			<xmin>1</xmin>
			<ymin>3</ymin>
			<xmax>1057</xmax>
			<ymax>256</ymax>
		</bndbox>
	</object>
	<object>
		<name>bus</name>
		<difficult>0.8400619029998779</difficult>
		<bndbox>
			<xmin>1484</xmin>
			<ymin>361</ymin>
			<xmax>915</xmax>
			<ymax>404</ymax>
		</bndbox>
	</object>
</annotation>