<?xml version='1.0' encoding='utf8'?>
<annotation>
	<folder>zebra - 2</folder>
	<filename>IMG_20181127_145816.jpg</filename>
	<path>F:\work\dian\打标\doing\zebra - 2\IMG_20181127_145816.jpg</path>
	<source>
		<database>Unknown</database>
	</source>
	<size>
		<width>3456</width>
		<height>4608</height>
		<depth>3</depth>
	</size>
	<segmented>0</segmented>
	<object>
		<name>zebra</name>
		<pose>Unspecified</pose>
		<truncated>1</truncated>
		<difficult>0</difficult>
		<bndbox>
			<xmin>13</xmin>
			<ymin>1842</ymin>
			<xmax>3456</xmax>
			<ymax>4593</ymax>
		</bndbox>
	</object>
	<object>
		<name>zebra</name>
		<pose>Unspecified</pose>
		<truncated>1</truncated>
		<difficult>0</difficult>
		<bndbox>
			<xmin>30</xmin>
			<ymin>448</ymin>
			<xmax>3456</xmax>
			<ymax>1839</ymax>
		</bndbox>
	</object>
	<object>
		<name>car</name>
		<difficult>0.5110840201377869</difficult>
		<bndbox>
			<xmin>1690</xmin>
			<ymin>432</ymin>
			<xmax>324</xmax>
			<ymax>167</ymax>
		</bndbox>
	</object>
</annotation>