<?xml version='1.0' encoding='utf8'?>
<annotation>
	<folder>zebra - 2</folder>
	<filename>193_斑马线.jpg</filename>
	<path>F:\work\dian\打标\doing\zebra - 2\193_斑马线.jpg</path>
	<source>
		<database>Unknown</database>
	</source>
	<size>
		<width>0</width>
		<height>0</height>
		<depth>3</depth>
	</size>
	<segmented>0</segmented>
	<object>
		<name>zebra</name>
		<pose>Unspecified</pose>
		<truncated>1</truncated>
		<difficult>0</difficult>
		<bndbox>
			<xmin>1</xmin>
			<ymin>158</ymin>
			<xmax>455</xmax>
			<ymax>242</ymax>
		</bndbox>
	</object>
	<object>
		<name>person</name>
		<difficult>0.7119234800338745</difficult>
		<bndbox>
			<xmin>181</xmin>
			<ymin>638</ymin>
			<xmax>126</xmax>
			<ymax>327</ymax>
		</bndbox>
	</object>
</annotation>