<?xml version='1.0' encoding='utf8'?>
<annotation>
	<folder>zebra - 2</folder>
	<filename>192_斑马线.jpg</filename>
	<path>F:\work\dian\打标\doing\zebra - 2\192_斑马线.jpg</path>
	<source>
		<database>Unknown</database>
	</source>
	<size>
		<width>600</width>
		<height>450</height>
		<depth>3</depth>
	</size>
	<segmented>0</segmented>
	<object>
		<name>zebra</name>
		<pose>Unspecified</pose>
		<truncated>1</truncated>
		<difficult>0</difficult>
		<bndbox>
			<xmin>138</xmin>
			<ymin>256</ymin>
			<xmax>600</xmax>
			<ymax>403</ymax>
		</bndbox>
	</object>
	<object>
		<name>zebra</name>
		<pose>Unspecified</pose>
		<truncated>0</truncated>
		<difficult>0</difficult>
		<bndbox>
			<xmin>440</xmin>
			<ymin>225</ymin>
			<xmax>546</xmax>
			<ymax>244</ymax>
		</bndbox>
	</object>
	<object>
		<name>car</name>
		<difficult>0.6803697943687439</difficult>
		<bndbox>
			<xmin>232</xmin>
			<ymin>148</ymin>
			<xmax>213</xmax>
			<ymax>85</ymax>
		</bndbox>
	</object>
	<object>
		<name>car</name>
		<difficult>0.6535351872444153</difficult>
		<bndbox>
			<xmin>357</xmin>
			<ymin>130</ymin>
			<xmax>162</xmax>
			<ymax>71</ymax>
		</bndbox>
	</object>
	<object>
		<name>car</name>
		<difficult>0.6372981667518616</difficult>
		<bndbox>
			<xmin>70</xmin>
			<ymin>173</ymin>
			<xmax>140</xmax>
			<ymax>112</ymax>
		</bndbox>
	</object>
	<object>
		<name>car</name>
		<difficult>0.5898932814598083</difficult>
		<bndbox>
			<xmin>544</xmin>
			<ymin>102</ymin>
			<xmax>159</xmax>
			<ymax>88</ymax>
		</bndbox>
	</object>
	<object>
		<name>car</name>
		<difficult>0.5307290554046631</difficult>
		<bndbox>
			<xmin>851</xmin>
			<ymin>298</ymin>
			<xmax>851</xmax>
			<ymax>579</ymax>
		</bndbox>
	</object>
</annotation>