<?xml version='1.0' encoding='utf8'?>
<annotation>
	<folder>zebra - 7</folder>
	<filename>VID_20181207_191620045.jpg</filename>
	<path>E:\迅雷下载\zebra - 7\zebra - 7\VID_20181207_191620045.jpg</path>
	<source>
		<database>Unknown</database>
	</source>
	<size>
		<width>1920</width>
		<height>1080</height>
		<depth>3</depth>
	</size>
	<segmented>0</segmented>
	<object>
		<name>traffic light</name>
		<pose>Unspecified</pose>
		<truncated>0</truncated>
		<difficult>0</difficult>
		<bndbox>
			<xmin>719</xmin>
			<ymin>157</ymin>
			<xmax>764</xmax>
			<ymax>238</ymax>
		</bndbox>
	</object>
	<object>
		<name>traffic light</name>
		<pose>Unspecified</pose>
		<truncated>0</truncated>
		<difficult>0</difficult>
		<bndbox>
			<xmin>1570</xmin>
			<ymin>89</ymin>
			<xmax>1653</xmax>
			<ymax>222</ymax>
		</bndbox>
	</object>
	<object>
		<name>zebra</name>
		<pose>Unspecified</pose>
		<truncated>0</truncated>
		<difficult>0</difficult>
		<bndbox>
			<xmin>27</xmin>
			<ymin>402</ymin>
			<xmax>1023</xmax>
			<ymax>553</ymax>
		</bndbox>
	</object>
	<object>
		<name>car</name>
		<difficult>0.5477734208106995</difficult>
		<bndbox>
			<xmin>1077</xmin>
			<ymin>579</ymin>
			<xmax>257</xmax>
			<ymax>90</ymax>
		</bndbox>
	</object>
</annotation>