<?xml version='1.0' encoding='utf8'?>
<annotation>
	<folder>zebra - 2</folder>
	<filename>IMG_20181127_143903.jpg</filename>
	<path>F:\work\dian\打标\doing\zebra - 2\IMG_20181127_143903.jpg</path>
	<source>
		<database>Unknown</database>
	</source>
	<size>
		<width>3456</width>
		<height>4608</height>
		<depth>3</depth>
	</size>
	<segmented>0</segmented>
	<object>
		<name>zebra</name>
		<pose>Unspecified</pose>
		<truncated>1</truncated>
		<difficult>0</difficult>
		<bndbox>
			<xmin>1</xmin>
			<ymin>648</ymin>
			<xmax>3456</xmax>
			<ymax>3387</ymax>
		</bndbox>
	</object>
	<object>
		<name>motorbike</name>
		<difficult>0.6631378531455994</difficult>
		<bndbox>
			<xmin>972</xmin>
			<ymin>123</ymin>
			<xmax>188</xmax>
			<ymax>111</ymax>
		</bndbox>
	</object>
	<object>
		<name>car</name>
		<difficult>0.6421858072280884</difficult>
		<bndbox>
			<xmin>460</xmin>
			<ymin>35</ymin>
			<xmax>82</xmax>
			<ymax>72</ymax>
		</bndbox>
	</object>
	<object>
		<name>person</name>
		<difficult>0.5400861501693726</difficult>
		<bndbox>
			<xmin>222</xmin>
			<ymin>148</ymin>
			<xmax>153</xmax>
			<ymax>190</ymax>
		</bndbox>
	</object>
</annotation>