<?xml version='1.0' encoding='utf8'?>
<annotation>
	<folder>zebra - 1</folder>
	<filename>34_斑马线.jpg</filename>
	<path>F:\work\dian\打标\doing\zebra - 1\34_斑马线.jpg</path>
	<source>
		<database>Unknown</database>
	</source>
	<size>
		<width>220</width>
		<height>147</height>
		<depth>3</depth>
	</size>
	<segmented>0</segmented>
	<object>
		<name>zebra</name>
		<pose>Unspecified</pose>
		<truncated>0</truncated>
		<difficult>0</difficult>
		<bndbox>
			<xmin>10</xmin>
			<ymin>77</ymin>
			<xmax>165</xmax>
			<ymax>137</ymax>
		</bndbox>
	</object>
	<object>
		<name>bicycle</name>
		<difficult>0.7141537666320801</difficult>
		<bndbox>
			<xmin>1793</xmin>
			<ymin>259</ymin>
			<xmax>221</xmax>
			<ymax>225</ymax>
		</bndbox>
	</object>
</annotation>