<?xml version='1.0' encoding='utf8'?>
<annotation>
	<folder>zebra - 8</folder>
	<filename>VID_20181207_191620096.jpg</filename>
	<path>E:\迅雷下载\zebra - 8\zebra - 8\VID_20181207_191620096.jpg</path>
	<source>
		<database>Unknown</database>
	</source>
	<size>
		<width>1920</width>
		<height>1080</height>
		<depth>3</depth>
	</size>
	<segmented>0</segmented>
	<object>
		<name>zebra</name>
		<pose>Unspecified</pose>
		<truncated>0</truncated>
		<difficult>0</difficult>
		<bndbox>
			<xmin>1151</xmin>
			<ymin>603</ymin>
			<xmax>1853</xmax>
			<ymax>667</ymax>
		</bndbox>
	</object>
	<object>
		<name>car</name>
		<difficult>0.5110700130462646</difficult>
		<bndbox>
			<xmin>796</xmin>
			<ymin>372</ymin>
			<xmax>238</xmax>
			<ymax>116</ymax>
		</bndbox>
	</object>
</annotation>