<?xml version='1.0' encoding='utf8'?>
<annotation>
	<folder>zebra - 5</folder>
	<filename>VID_20181205_124358 173.jpg</filename>
	<path>E:\Download\windows_v1.8.1\zebra - 5\VID_20181205_124358 173.jpg</path>
	<source>
		<database>Unknown</database>
	</source>
	<size>
		<width>1280</width>
		<height>720</height>
		<depth>3</depth>
	</size>
	<segmented>0</segmented>
	<object>
		<name>zebra</name>
		<pose>Unspecified</pose>
		<truncated>1</truncated>
		<difficult>0</difficult>
		<bndbox>
			<xmin>24</xmin>
			<ymin>64</ymin>
			<xmax>1261</xmax>
			<ymax>720</ymax>
		</bndbox>
	</object>
	<object>
		<name>car</name>
		<difficult>0.8573706150054932</difficult>
		<bndbox>
			<xmin>541</xmin>
			<ymin>847</ymin>
			<xmax>442</xmax>
			<ymax>234</ymax>
		</bndbox>
	</object>
	<object>
		<name>person</name>
		<difficult>0.6631433963775635</difficult>
		<bndbox>
			<xmin>1127</xmin>
			<ymin>836</ymin>
			<xmax>118</xmax>
			<ymax>375</ymax>
		</bndbox>
	</object>
</annotation>