<?xml version='1.0' encoding='utf8'?>
<annotation>
	<folder>zebra - 5</folder>
	<filename>VID_20181205_124358 162.jpg</filename>
	<path>E:\Download\windows_v1.8.1\zebra - 5\VID_20181205_124358 162.jpg</path>
	<source>
		<database>Unknown</database>
	</source>
	<size>
		<width>1280</width>
		<height>720</height>
		<depth>3</depth>
	</size>
	<segmented>0</segmented>
	<object>
		<name>zebra</name>
		<pose>Unspecified</pose>
		<truncated>1</truncated>
		<difficult>0</difficult>
		<bndbox>
			<xmin>34</xmin>
			<ymin>34</ymin>
			<xmax>1266</xmax>
			<ymax>720</ymax>
		</bndbox>
	</object>
	<object>
		<name>car</name>
		<difficult>0.5913050174713135</difficult>
		<bndbox>
			<xmin>1537</xmin>
			<ymin>940</ymin>
			<xmax>211</xmax>
			<ymax>119</ymax>
		</bndbox>
	</object>
</annotation>