<?xml version='1.0' encoding='utf8'?>
<annotation>
	<folder>zebra - 5</folder>
	<filename>VID_20181205_124358 014.jpg</filename>
	<path>E:\Download\windows_v1.8.1\zebra - 5\VID_20181205_124358 014.jpg</path>
	<source>
		<database>Unknown</database>
	</source>
	<size>
		<width>1280</width>
		<height>720</height>
		<depth>3</depth>
	</size>
	<segmented>0</segmented>
	<object>
		<name>zebra</name>
		<pose>Unspecified</pose>
		<truncated>0</truncated>
		<difficult>0</difficult>
		<bndbox>
			<xmin>47</xmin>
			<ymin>141</ymin>
			<xmax>1271</xmax>
			<ymax>517</ymax>
		</bndbox>
	</object>
	<object>
		<name>car</name>
		<difficult>0.7266766428947449</difficult>
		<bndbox>
			<xmin>287</xmin>
			<ymin>776</ymin>
			<xmax>248</xmax>
			<ymax>169</ymax>
		</bndbox>
	</object>
	<object>
		<name>car</name>
		<difficult>0.6394652724266052</difficult>
		<bndbox>
			<xmin>795</xmin>
			<ymin>756</ymin>
			<xmax>249</xmax>
			<ymax>134</ymax>
		</bndbox>
	</object>
	<object>
		<name>car</name>
		<difficult>0.5298281908035278</difficult>
		<bndbox>
			<xmin>547</xmin>
			<ymin>771</ymin>
			<xmax>214</xmax>
			<ymax>132</ymax>
		</bndbox>
	</object>
</annotation>