<?xml version='1.0' encoding='utf8'?>
<annotation>
	<folder>zebra</folder>
	<filename>VID_20181217_000916.mp4(795).jpg</filename>
	<path>E:\迅雷下载\zebra\VID_20181217_000916.mp4(795).jpg</path>
	<source>
		<database>Unknown</database>
	</source>
	<size>
		<width>1080</width>
		<height>1920</height>
		<depth>3</depth>
	</size>
	<segmented>0</segmented>
	<object>
		<name>zebra</name>
		<pose>Unspecified</pose>
		<truncated>1</truncated>
		<difficult>0</difficult>
		<bndbox>
			<xmin>4</xmin>
			<ymin>1150</ymin>
			<xmax>1080</xmax>
			<ymax>1917</ymax>
		</bndbox>
	</object>
</annotation>