<?xml version='1.0' encoding='utf8'?>
<annotation>
	<folder>star</folder>
	<filename>hearing-zebra-155.jpg</filename>
	<path>E:\Download\windows_v1.8.1\star\hearing-zebra-155.jpg</path>
	<source>
		<database>Unknown</database>
	</source>
	<size>
		<width>500</width>
		<height>332</height>
		<depth>3</depth>
	</size>
	<segmented>0</segmented>
	<object>
		<name>zebra</name>
		<pose>Unspecified</pose>
		<truncated>0</truncated>
		<difficult>0</difficult>
		<bndbox>
			<xmin>11</xmin>
			<ymin>218</ymin>
			<xmax>499</xmax>
			<ymax>331</ymax>
		</bndbox>
	</object>
	<object>
		<name>car</name>
		<difficult>0.5546135306358337</difficult>
		<bndbox>
			<xmin>1530</xmin>
			<ymin>943</ymin>
			<xmax>192</xmax>
			<ymax>114</ymax>
		</bndbox>
	</object>
</annotation>