<?xml version='1.0' encoding='utf8'?>
<annotation>
	<folder>zebra - 3</folder>
	<filename>mmexport1543366531229.jpg</filename>
	<path>E:\迅雷下载\zebra - 3\zebra - 3\mmexport1543366531229.jpg</path>
	<source>
		<database>Unknown</database>
	</source>
	<size>
		<width>1080</width>
		<height>1440</height>
		<depth>3</depth>
	</size>
	<segmented>0</segmented>
	<object>
		<name>stairs</name>
		<pose>Unspecified</pose>
		<truncated>1</truncated>
		<difficult>0</difficult>
		<bndbox>
			<xmin>349</xmin>
			<ymin>457</ymin>
			<xmax>1080</xmax>
			<ymax>559</ymax>
		</bndbox>
	</object>
	<object>
		<name>stairs</name>
		<pose>Unspecified</pose>
		<truncated>1</truncated>
		<difficult>0</difficult>
		<bndbox>
			<xmin>1</xmin>
			<ymin>559</ymin>
			<xmax>1080</xmax>
			<ymax>1439</ymax>
		</bndbox>
	</object>
	<object>
		<name>car</name>
		<difficult>0.8690000176429749</difficult>
		<bndbox>
			<xmin>203</xmin>
			<ymin>267</ymin>
			<xmax>376</xmax>
			<ymax>184</ymax>
		</bndbox>
	</object>
</annotation>