<?xml version='1.0' encoding='utf8'?>
<annotation>
	<folder>zebra - 2</folder>
	<filename>200_斑马线.jpg</filename>
	<path>F:\work\dian\打标\doing\zebra - 2\200_斑马线.jpg</path>
	<source>
		<database>Unknown</database>
	</source>
	<size>
		<width>980</width>
		<height>551</height>
		<depth>3</depth>
	</size>
	<segmented>0</segmented>
	<object>
		<name>zebra</name>
		<pose>Unspecified</pose>
		<truncated>0</truncated>
		<difficult>0</difficult>
		<bndbox>
			<xmin>6</xmin>
			<ymin>189</ymin>
			<xmax>769</xmax>
			<ymax>550</ymax>
		</bndbox>
	</object>
</annotation>