<?xml version='1.0' encoding='utf8'?>
<annotation>
	<folder>zebra - 6</folder>
	<filename>VID_20181205_124358 210.jpg</filename>
	<path>E:\Download\windows_v1.8.1\zebra - 6\VID_20181205_124358 210.jpg</path>
	<source>
		<database>Unknown</database>
	</source>
	<size>
		<width>1280</width>
		<height>720</height>
		<depth>3</depth>
	</size>
	<segmented>0</segmented>
	<object>
		<name>zebra</name>
		<pose>Unspecified</pose>
		<truncated>1</truncated>
		<difficult>0</difficult>
		<bndbox>
			<xmin>61</xmin>
			<ymin>100</ymin>
			<xmax>1214</xmax>
			<ymax>720</ymax>
		</bndbox>
	</object>
	<object>
		<name>bicycle</name>
		<difficult>0.8086825013160706</difficult>
		<bndbox>
			<xmin>828</xmin>
			<ymin>372</ymin>
			<xmax>533</xmax>
			<ymax>376</ymax>
		</bndbox>
	</object>
	<object>
		<name>person</name>
		<difficult>0.7518665790557861</difficult>
		<bndbox>
			<xmin>828</xmin>
			<ymin>255</ymin>
			<xmax>323</xmax>
			<ymax>448</ymax>
		</bndbox>
	</object>
	<object>
		<name>car</name>
		<difficult>0.6489516496658325</difficult>
		<bndbox>
			<xmin>311</xmin>
			<ymin>64</ymin>
			<xmax>124</xmax>
			<ymax>100</ymax>
		</bndbox>
	</object>
	<object>
		<name>car</name>
		<difficult>0.6077409982681274</difficult>
		<bndbox>
			<xmin>573</xmin>
			<ymin>70</ymin>
			<xmax>164</xmax>
			<ymax>88</ymax>
		</bndbox>
	</object>
	<object>
		<name>car</name>
		<difficult>0.5624499320983887</difficult>
		<bndbox>
			<xmin>623</xmin>
			<ymin>88</ymin>
			<xmax>173</xmax>
			<ymax>78</ymax>
		</bndbox>
	</object>
	<object>
		<name>car</name>
		<difficult>0.5602070093154907</difficult>
		<bndbox>
			<xmin>1164</xmin>
			<ymin>79</ymin>
			<xmax>184</xmax>
			<ymax>81</ymax>
		</bndbox>
	</object>
</annotation>