<?xml version='1.0' encoding='utf8'?>
<annotation>
	<folder>zebra - 5</folder>
	<filename>VID_20181205_124358 165.jpg</filename>
	<path>E:\Download\windows_v1.8.1\zebra - 5\VID_20181205_124358 165.jpg</path>
	<source>
		<database>Unknown</database>
	</source>
	<size>
		<width>1280</width>
		<height>720</height>
		<depth>3</depth>
	</size>
	<segmented>0</segmented>
	<object>
		<name>zebra</name>
		<pose>Unspecified</pose>
		<truncated>1</truncated>
		<difficult>0</difficult>
		<bndbox>
			<xmin>33</xmin>
			<ymin>45</ymin>
			<xmax>1280</xmax>
			<ymax>709</ymax>
		</bndbox>
	</object>
	<object>
		<name>person</name>
		<difficult>0.8088430166244507</difficult>
		<bndbox>
			<xmin>789</xmin>
			<ymin>578</ymin>
			<xmax>704</xmax>
			<ymax>1078</ymax>
		</bndbox>
	</object>
</annotation>