<?xml version='1.0' encoding='utf8'?>
<annotation>
	<folder>zebra - 1</folder>
	<filename>24_斑马线.jpg</filename>
	<path>F:\work\dian\打标\doing\zebra - 1\24_斑马线.jpg</path>
	<source>
		<database>Unknown</database>
	</source>
	<size>
		<width>3200</width>
		<height>2133</height>
		<depth>3</depth>
	</size>
	<segmented>0</segmented>
	<object>
		<name>zebra</name>
		<pose>Unspecified</pose>
		<truncated>0</truncated>
		<difficult>0</difficult>
		<bndbox>
			<xmin>8</xmin>
			<ymin>888</ymin>
			<xmax>3198</xmax>
			<ymax>2124</ymax>
		</bndbox>
	</object>
	<object>
		<name>car</name>
		<difficult>0.7374686002731323</difficult>
		<bndbox>
			<xmin>397</xmin>
			<ymin>376</ymin>
			<xmax>782</xmax>
			<ymax>336</ymax>
		</bndbox>
	</object>
</annotation>