<?xml version='1.0' encoding='utf8'?>
<annotation>
	<folder>zebra - 8</folder>
	<filename>VID_20181207_191620056.jpg</filename>
	<path>E:\迅雷下载\zebra - 8\zebra - 8\VID_20181207_191620056.jpg</path>
	<source>
		<database>Unknown</database>
	</source>
	<size>
		<width>1920</width>
		<height>1080</height>
		<depth>3</depth>
	</size>
	<segmented>0</segmented>
	<object>
		<name>traffic light</name>
		<pose>Unspecified</pose>
		<truncated>0</truncated>
		<difficult>0</difficult>
		<bndbox>
			<xmin>662</xmin>
			<ymin>289</ymin>
			<xmax>713</xmax>
			<ymax>383</ymax>
		</bndbox>
	</object>
	<object>
		<name>traffic light</name>
		<pose>Unspecified</pose>
		<truncated>0</truncated>
		<difficult>0</difficult>
		<bndbox>
			<xmin>1712</xmin>
			<ymin>246</ymin>
			<xmax>1780</xmax>
			<ymax>357</ymax>
		</bndbox>
	</object>
	<object>
		<name>zebra</name>
		<pose>Unspecified</pose>
		<truncated>1</truncated>
		<difficult>0</difficult>
		<bndbox>
			<xmin>5</xmin>
			<ymin>538</ymin>
			<xmax>1496</xmax>
			<ymax>1080</ymax>
		</bndbox>
	</object>
	<object>
		<name>car</name>
		<difficult>0.5960174798965454</difficult>
		<bndbox>
			<xmin>554</xmin>
			<ymin>821</ymin>
			<xmax>319</xmax>
			<ymax>126</ymax>
		</bndbox>
	</object>
	<object>
		<name>car</name>
		<difficult>0.5815383791923523</difficult>
		<bndbox>
			<xmin>1732</xmin>
			<ymin>703</ymin>
			<xmax>317</xmax>
			<ymax>150</ymax>
		</bndbox>
	</object>
</annotation>