<?xml version='1.0' encoding='utf8'?>
<annotation>
	<folder>zebra</folder>
	<filename>VID_20181217_000731.mp4(810).jpg</filename>
	<path>E:\迅雷下载\zebra\VID_20181217_000731.mp4(810).jpg</path>
	<source>
		<database>Unknown</database>
	</source>
	<size>
		<width>1080</width>
		<height>1920</height>
		<depth>3</depth>
	</size>
	<segmented>0</segmented>
	<object>
		<name>zebra</name>
		<pose>Unspecified</pose>
		<truncated>1</truncated>
		<difficult>0</difficult>
		<bndbox>
			<xmin>166</xmin>
			<ymin>380</ymin>
			<xmax>1080</xmax>
			<ymax>1001</ymax>
		</bndbox>
	</object>
	<object>
		<name>car</name>
		<difficult>0.7515726089477539</difficult>
		<bndbox>
			<xmin>153</xmin>
			<ymin>133</ymin>
			<xmax>278</xmax>
			<ymax>103</ymax>
		</bndbox>
	</object>
	<object>
		<name>car</name>
		<difficult>0.6121004223823547</difficult>
		<bndbox>
			<xmin>441</xmin>
			<ymin>95</ymin>
			<xmax>120</xmax>
			<ymax>63</ymax>
		</bndbox>
	</object>
</annotation>