<?xml version='1.0' encoding='utf8'?>
<annotation>
	<folder>zebra - 7</folder>
	<filename>VID_20181207_190549007.jpg</filename>
	<path>E:\迅雷下载\zebra - 7\zebra - 7\VID_20181207_190549007.jpg</path>
	<source>
		<database>Unknown</database>
	</source>
	<size>
		<width>1920</width>
		<height>1080</height>
		<depth>3</depth>
	</size>
	<segmented>0</segmented>
	<object>
		<name>zebra</name>
		<pose>Unspecified</pose>
		<truncated>1</truncated>
		<difficult>0</difficult>
		<bndbox>
			<xmin>8</xmin>
			<ymin>7</ymin>
			<xmax>1909</xmax>
			<ymax>1080</ymax>
		</bndbox>
	</object>
	<object>
		<name>car</name>
		<difficult>0.6800511479377747</difficult>
		<bndbox>
			<xmin>527</xmin>
			<ymin>154</ymin>
			<xmax>198</xmax>
			<ymax>89</ymax>
		</bndbox>
	</object>
	<object>
		<name>car</name>
		<difficult>0.6744503378868103</difficult>
		<bndbox>
			<xmin>137</xmin>
			<ymin>187</ymin>
			<xmax>233</xmax>
			<ymax>108</ymax>
		</bndbox>
	</object>
	<object>
		<name>car</name>
		<difficult>0.5203883647918701</difficult>
		<bndbox>
			<xmin>339</xmin>
			<ymin>174</ymin>
			<xmax>191</xmax>
			<ymax>70</ymax>
		</bndbox>
	</object>
</annotation>