<?xml version='1.0' encoding='utf8'?>
<annotation>
	<folder>star</folder>
	<filename>hearing-zebra-51.jpg</filename>
	<path>E:\Download\windows_v1.8.1\star\hearing-zebra-51.jpg</path>
	<source>
		<database>Unknown</database>
	</source>
	<size>
		<width>500</width>
		<height>332</height>
		<depth>3</depth>
	</size>
	<segmented>0</segmented>
	<object>
		<name>zebra</name>
		<pose>Unspecified</pose>
		<truncated>1</truncated>
		<difficult>0</difficult>
		<bndbox>
			<xmin>88</xmin>
			<ymin>1</ymin>
			<xmax>492</xmax>
			<ymax>310</ymax>
		</bndbox>
	</object>
	<object>
		<name>car</name>
		<difficult>0.875200629234314</difficult>
		<bndbox>
			<xmin>1095</xmin>
			<ymin>370</ymin>
			<xmax>366</xmax>
			<ymax>526</ymax>
		</bndbox>
	</object>
	<object>
		<name>car</name>
		<difficult>0.742381751537323</difficult>
		<bndbox>
			<xmin>127</xmin>
			<ymin>170</ymin>
			<xmax>262</xmax>
			<ymax>107</ymax>
		</bndbox>
	</object>
	<object>
		<name>car</name>
		<difficult>0.6059712171554565</difficult>
		<bndbox>
			<xmin>427</xmin>
			<ymin>131</ymin>
			<xmax>140</xmax>
			<ymax>64</ymax>
		</bndbox>
	</object>
	<object>
		<name>car</name>
		<difficult>0.5832183361053467</difficult>
		<bndbox>
			<xmin>337</xmin>
			<ymin>137</ymin>
			<xmax>198</xmax>
			<ymax>72</ymax>
		</bndbox>
	</object>
	<object>
		<name>car</name>
		<difficult>0.557898223400116</difficult>
		<bndbox>
			<xmin>262</xmin>
			<ymin>151</ymin>
			<xmax>201</xmax>
			<ymax>83</ymax>
		</bndbox>
	</object>
</annotation>