<?xml version='1.0' encoding='utf8'?>
<annotation>
	<folder>zebra</folder>
	<filename>VID_20181217_000731.mp4(870).jpg</filename>
	<path>E:\迅雷下载\zebra\VID_20181217_000731.mp4(870).jpg</path>
	<source>
		<database>Unknown</database>
	</source>
	<size>
		<width>1080</width>
		<height>1920</height>
		<depth>3</depth>
	</size>
	<segmented>0</segmented>
	<object>
		<name>zebra</name>
		<pose>Unspecified</pose>
		<truncated>1</truncated>
		<difficult>0</difficult>
		<bndbox>
			<xmin>764</xmin>
			<ymin>322</ymin>
			<xmax>1080</xmax>
			<ymax>575</ymax>
		</bndbox>
	</object>
	<object>
		<name>car</name>
		<difficult>0.7815783619880676</difficult>
		<bndbox>
			<xmin>973</xmin>
			<ymin>374</ymin>
			<xmax>566</xmax>
			<ymax>240</ymax>
		</bndbox>
	</object>
	<object>
		<name>car</name>
		<difficult>0.5272184014320374</difficult>
		<bndbox>
			<xmin>223</xmin>
			<ymin>380</ymin>
			<xmax>292</xmax>
			<ymax>229</ymax>
		</bndbox>
	</object>
</annotation>