<?xml version='1.0' encoding='utf8'?>
<annotation>
	<folder>zebra - 1</folder>
	<filename>67_斑马线 (2).jpg</filename>
	<path>F:\work\dian\打标\doing\zebra - 1\67_斑马线 (2).jpg</path>
	<source>
		<database>Unknown</database>
	</source>
	<size>
		<width>550</width>
		<height>368</height>
		<depth>3</depth>
	</size>
	<segmented>0</segmented>
	<object>
		<name>zebra</name>
		<pose>Unspecified</pose>
		<truncated>0</truncated>
		<difficult>0</difficult>
		<bndbox>
			<xmin>3</xmin>
			<ymin>58</ymin>
			<xmax>549</xmax>
			<ymax>288</ymax>
		</bndbox>
	</object>
	<object>
		<name>car</name>
		<difficult>0.5996874570846558</difficult>
		<bndbox>
			<xmin>320</xmin>
			<ymin>230</ymin>
			<xmax>703</xmax>
			<ymax>396</ymax>
		</bndbox>
	</object>
	<object>
		<name>person</name>
		<difficult>0.5685055255889893</difficult>
		<bndbox>
			<xmin>1109</xmin>
			<ymin>240</ymin>
			<xmax>397</xmax>
			<ymax>473</ymax>
		</bndbox>
	</object>
</annotation>