<?xml version='1.0' encoding='utf8'?>
<annotation>
	<folder>zebra - 3</folder>
	<filename>traffic_light_103.jpg</filename>
	<path>E:\迅雷下载\zebra - 3\zebra - 3\traffic_light_103.jpg</path>
	<source>
		<database>Unknown</database>
	</source>
	<size>
		<width>1920</width>
		<height>1080</height>
		<depth>3</depth>
	</size>
	<segmented>0</segmented>
	<object>
		<name>stairs</name>
		<pose>Unspecified</pose>
		<truncated>0</truncated>
		<difficult>0</difficult>
		<bndbox>
			<xmin>1002</xmin>
			<ymin>534</ymin>
			<xmax>1523</xmax>
			<ymax>586</ymax>
		</bndbox>
	</object>
	<object>
		<name>stairs</name>
		<pose>Unspecified</pose>
		<truncated>1</truncated>
		<difficult>0</difficult>
		<bndbox>
			<xmin>1581</xmin>
			<ymin>502</ymin>
			<xmax>1920</xmax>
			<ymax>537</ymax>
		</bndbox>
	</object>
	<object>
		<name>stairs</name>
		<pose>Unspecified</pose>
		<truncated>1</truncated>
		<difficult>0</difficult>
		<bndbox>
			<xmin>827</xmin>
			<ymin>583</ymin>
			<xmax>1920</xmax>
			<ymax>751</ymax>
		</bndbox>
	</object>
	<object>
		<name>car</name>
		<difficult>0.7289330363273621</difficult>
		<bndbox>
			<xmin>270</xmin>
			<ymin>548</ymin>
			<xmax>519</xmax>
			<ymax>383</ymax>
		</bndbox>
	</object>
</annotation>