<?xml version='1.0' encoding='utf8'?>
<annotation>
	<folder>zebra - 4</folder>
	<filename>traffic_light_471.jpg</filename>
	<path>E:\Download\windows_v1.8.1\zebra - 4\traffic_light_471.jpg</path>
	<source>
		<database>Unknown</database>
	</source>
	<size>
		<width>1920</width>
		<height>1080</height>
		<depth>3</depth>
	</size>
	<segmented>0</segmented>
	<object>
		<name>zebra</name>
		<pose>Unspecified</pose>
		<truncated>1</truncated>
		<difficult>0</difficult>
		<bndbox>
			<xmin>6</xmin>
			<ymin>853</ymin>
			<xmax>902</xmax>
			<ymax>1080</ymax>
		</bndbox>
	</object>
	<object>
		<name>zebra</name>
		<pose>Unspecified</pose>
		<truncated>1</truncated>
		<difficult>0</difficult>
		<bndbox>
			<xmin>1054</xmin>
			<ymin>842</ymin>
			<xmax>1920</xmax>
			<ymax>1064</ymax>
		</bndbox>
	</object>
	<object>
		<name>zebra</name>
		<pose>Unspecified</pose>
		<truncated>0</truncated>
		<difficult>0</difficult>
		<bndbox>
			<xmin>819</xmin>
			<ymin>737</ymin>
			<xmax>1442</xmax>
			<ymax>846</ymax>
		</bndbox>
	</object>
	<object>
		<name>horse</name>
		<difficult>0.6275572776794434</difficult>
		<bndbox>
			<xmin>550</xmin>
			<ymin>823</ymin>
			<xmax>1188</xmax>
			<ymax>1634</ymax>
		</bndbox>
	</object>
</annotation>