<?xml version='1.0' encoding='utf8'?>
<annotation>
	<folder>zebra - 4</folder>
	<filename>VID_20181129_113118008.jpg</filename>
	<path>E:\Download\windows_v1.8.1\zebra - 4\VID_20181129_113118008.jpg</path>
	<source>
		<database>Unknown</database>
	</source>
	<size>
		<width>1080</width>
		<height>1920</height>
		<depth>3</depth>
	</size>
	<segmented>0</segmented>
	<object>
		<name>zebra</name>
		<pose>Unspecified</pose>
		<truncated>1</truncated>
		<difficult>0</difficult>
		<bndbox>
			<xmin>9</xmin>
			<ymin>928</ymin>
			<xmax>1080</xmax>
			<ymax>1888</ymax>
		</bndbox>
	</object>
	<object>
		<name>car</name>
		<difficult>0.8531588912010193</difficult>
		<bndbox>
			<xmin>475</xmin>
			<ymin>689</ymin>
			<xmax>977</xmax>
			<ymax>752</ymax>
		</bndbox>
	</object>
</annotation>