<?xml version='1.0' encoding='utf8'?>
<annotation>
	<folder>star</folder>
	<filename>hearing-zebra-179.jpg</filename>
	<path>E:\Download\windows_v1.8.1\star\hearing-zebra-179.jpg</path>
	<source>
		<database>Unknown</database>
	</source>
	<size>
		<width>500</width>
		<height>500</height>
		<depth>3</depth>
	</size>
	<segmented>0</segmented>
	<object>
		<name>zebra</name>
		<pose>Unspecified</pose>
		<truncated>0</truncated>
		<difficult>0</difficult>
		<bndbox>
			<xmin>8</xmin>
			<ymin>3</ymin>
			<xmax>444</xmax>
			<ymax>484</ymax>
		</bndbox>
	</object>
	<object>
		<name>car</name>
		<difficult>0.6955757737159729</difficult>
		<bndbox>
			<xmin>1517</xmin>
			<ymin>696</ymin>
			<xmax>461</xmax>
			<ymax>327</ymax>
		</bndbox>
	</object>
	<object>
		<name>car</name>
		<difficult>0.5846717357635498</difficult>
		<bndbox>
			<xmin>1378</xmin>
			<ymin>715</ymin>
			<xmax>175</xmax>
			<ymax>196</ymax>
		</bndbox>
	</object>
</annotation>